,Dog Breed Group,Height,Weight,Life Span,Adaptability,Adapts Well To Apartment Living,Good For Novice Owners,Sensitivity Level,Tolerates Being Alone,Tolerates Cold Weather,Tolerates Hot Weather,All Around Friendliness,Affectionate With Family,Kid-Friendly,Dog Friendly,Friendly Toward Strangers,Health And Grooming Needs,Amount Of Shedding,Drooling Potential,Easy To Groom,General Health,Potential For Weight Gain,Size,Trainability,Easy To Train,Intelligence,Potential For Mouthiness,Prey Drive,Tendency To Bark Or Howl,Wanderlust Potential,Physical Needs,Energy Level,Intensity,Exercise Needs,Potential For Playfulness,Detailed Description Link
Afador,Mixed Breed Dogs,20 to 29 inches,50 to 75 pounds,10 to 12 years,,1,1,3,3,4,2,,4,2,3,1,,4,3.0,2,3,4,4,,1,5,4,4.0,4.0,4,,4,4,4,3,https://dogtime.com/dog-breeds/afador
Affenhuahua,Mixed Breed Dogs,6 to 12 inches,4 to 12 pounds,13 to 18 years,,4,4,4,1,2,3,,4,3,2,2,,2,1.0,4,4,5,1,,3,3,4,2.0,4.0,2,,4,3,3,3,https://dogtime.com/dog-breeds/affenhuahua
Affenpinscher,Companion Dogs,9 to 11 inches tall at the shoulder,7 to 9 pounds,12 to 14 years,,5,4,3,1,3,3,,5,1,4,3,,1,1.0,3,4,3,1,,2,4,4,3.0,2.0,2,,4,3,3,4,https://dogtime.com/dog-breeds/affenpinscher
Afghan Hound,Hound Dogs,24 to 26 inches tall at the shoulder,50 to 60 pounds,10 to 12 years,,5,3,5,2,5,5,,5,5,4,2,,4,1.0,1,3,1,4,,1,4,3,5.0,2.0,5,,5,2,4,4,https://dogtime.com/dog-breeds/afghan-hound
Airedale Terrier,Terrier Dogs,21 to 23 inches tall at the shoulder,40 to 65 pounds,10 to 13 years,,1,2,3,2,3,3,,4,4,4,3,,2,1.0,2,3,4,3,,4,5,5,5.0,4.0,4,,5,3,5,5,https://dogtime.com/dog-breeds/airedale-terrier
Akbash,Working Dogs,27 to 34 inches,75 to 140 pounds,10 to 12 years,,1,2,3,4,4,2,,5,4,3,2,,4,2.0,3,4,4,4,,3,4,3,1.0,3.0,1,,2,2,2,3,https://dogtime.com/dog-breeds/akbash
Akita,Working Dogs,"2 feet to 2 feet, 4 inches tall at the shoulder",70 to 130 pounds,10 to 12 years,,2,2,5,1,5,2,,5,1,1,2,,5,5.0,1,4,4,4,,2,3,3,4.0,5.0,4,,4,3,4,5,https://dogtime.com/dog-breeds/akita
Akita Chow,Mixed Breed Dogs,23 to 25 inches,88 to 145 pounds,10 to 12 years ,,2,1,4,2,5,2,,1,1,1,2,,4,3.0,1,2,4,4,,2,4,3,4.0,2.0,3,,4,4,4,2,https://dogtime.com/dog-breeds/akita-chow
Akita Pit,Mixed Breed Dogs,16 to 23 inches,30 to 70 pounds,10 to 12 years,,3,1,2,4,3,3,,4,3,3,2,,3,3.0,4,4,4,4,,3,4,3,4.0,3.0,1,,3,4,3,3,https://dogtime.com/dog-breeds/akita-pit
Akita Shepherd,Mixed Breed Dogs,24 to 28 inches,75 to 120 pounds,10 to 13 years,,3,3,2,3,4,3,,4,3,3,3,,4,2.0,3,3,3,4,,4,4,2,3.0,1.0,2,,3,3,4,3,https://dogtime.com/dog-breeds/akita-shepherd
Alaskan Klee Kai,Companion Dogs,13 to 17 inches,10 to 15 pounds,12 to 16 years,,3,2,4,2,5,2,,4,3,2,2,,4,2.0,4,4,2,2,,4,4,2,5.0,3.0,4,,4,2,4,4,https://dogtime.com/dog-breeds/alaskan-klee-kai
Alaskan Malamute,Working Dogs,"1 foot, 11 inches to 2 feet, 1 inch tall at the shoulder",75 to 100 pounds,12 to 15 years,,1,1,4,1,5,2,,4,3,2,5,,5,1.0,1,4,3,4,,4,4,3,4.0,5.0,5,,5,5,5,5,https://dogtime.com/dog-breeds/alaskan-malamute
American Bulldog,Working Dogs,20 to 28 inches,60 to 120 pounds,10 to 16 years,,1,1,4,1,2,2,,5,4,2,2,,1,4.0,4,3,2,4,,4,3,2,4.0,2.0,3,,4,4,4,4,https://dogtime.com/dog-breeds/american-bulldog
American English Coonhound,Hound Dogs,23 to 26 inches tall at the shoulder,,10 to 12 years,,1,2,5,2,4,4,,5,5,4,5,,3,1.0,5,4,3,3,,5,4,3,5.0,5.0,5,,5,5,5,5,https://dogtime.com/dog-breeds/american-english-coonhound
American Eskimo Dog,Companion Dogs,15 to 19 inches tall at the shoulder,Starts at 30 pounds,12 to 15 years,,5,4,4,2,5,3,,5,5,5,4,,5,1.0,3,5,4,2,,5,4,3,3.0,4.0,3,,5,3,4,5,https://dogtime.com/dog-breeds/american-eskimo-dog
American Foxhound,Hound Dogs,21 to 25 inches tall at the shoulder,40 to 60 pounds,12 to 13 years,,1,2,2,1,4,4,,4,5,5,4,,3,1.0,5,5,5,3,,2,3,3,4.0,5.0,5,,5,4,5,5,https://dogtime.com/dog-breeds/american-foxhound
American Hairless Terrier,Terrier Dogs,12 to 16 inches,10 to 16 pounds,13 to 16 years,,4,3,3,2,1,3,,4,4,3,3,,1,1.0,5,4,4,2,,3,4,3,4.0,3.0,3,,4,3,3,5,https://dogtime.com/dog-breeds/american-hairless-terrier
American Leopard Hound,Hound Dogs,21 to 27 Inches.,35 to 75 pounds. ,12 to 15 years. ,,2,4,3,3,4,4,,5,4,4,3,,2,2.0,4,4,2,4,,4,4,3,4.0,4.0,4,,4,3,4,4,https://dogtime.com/dog-breeds/american-leopard-hound
American Pit Bull Terrier,Terrier Dogs,17 to 19 inches tall at the shoulder,30 to 85 pounds,12 to 16 years,,3,2,4,1,2,3,,5,5,1,5,,4,1.0,5,4,3,3,,4,4,5,3.0,3.0,4,,4,5,4,5,https://dogtime.com/dog-breeds/american-pit-bull-terrier
American Pugabull,Mixed Breed Dogs,12 to 20 inches,25 to 70 pounds ,12 to 14 years ,,3,3,4,1,2,3,,5,4,3,3,,3,3.0,4,2,3,3,,3,3,2,4.0,4.0,2,,4,4,3,5,https://dogtime.com/dog-breeds/american-pugabull
American Staffordshire Terrier,Terrier Dogs,16 to 19 inches,40 to 60 pounds,10 to 15 years,,2,2,3,2,2,3,,4,4,2,4,,2,3.0,4,3,2,3,,4,4,5,3.0,4.0,3,,3,5,3,4,https://dogtime.com/dog-breeds/american-staffordshire-terrier
American Water Spaniel,Sporting Dogs,"1 foot, 3 inches to 1 foot, 6 inches tall at the shoulder",25 to 45 pounds,12 to 15 years,,2,2,5,1,2,4,,5,5,2,3,,3,1.0,3,3,3,3,,4,3,5,2.0,3.0,5,,5,2,5,5,https://dogtime.com/dog-breeds/american-water-spaniel
Anatolian Shepherd Dog,Working Dogs,"2 feet, 3 inches to 2 feet, 5 inches tall at the shoulder",80 to 150 pounds,11 to 13 years,,1,2,4,3,5,3,,3,2,2,1,,2,3.0,4,3,3,5,,4,4,2,2.0,2.0,4,,3,3,3,3,https://dogtime.com/dog-breeds/anatolian-shepherd-dog
Appenzeller Sennenhunde,Herding Dogs,19 to 22 inches tall at the shoulder,48 to 55 pounds,9 to 12 years,,1,3,3,1,5,4,,5,5,3,2,,3,1.0,5,4,3,3,,4,4,5,3.0,5.0,3,,4,4,5,4,https://dogtime.com/dog-breeds/appenzeller-sennenhunde
Auggie,Mixed Breed Dogs,10 to 13 inches,20 to 30 pounds,12 to 15 years,,2,3,4,3,4,3,,5,5,5,4,,4,1.0,2,3,4,3,,5,5,3,3.0,4.0,3,,5,4,5,5,https://dogtime.com/dog-breeds/auggie
Aussiedoodle,Mixed Breed Dogs,10 to 15 inches,25 to 70 pounds,10 to 13 years,,2,3,3,2,3,3,,5,4,4,4,,3,4.0,3,4,4,3,,5,5,3,3.0,2.0,3,,5,4,5,5,https://dogtime.com/dog-breeds/aussiedoodle
Aussiepom,Mixed Breed Dogs,11 to 17 inches,10 to 30 pounds,12 to 15 years,,3,2,3,2,3,3,,4,3,4,4,,3,2.0,2,4,4,3,,4,4,4,2.0,3.0,2,,5,3,4,5,https://dogtime.com/dog-breeds/aussiepom
Australian Cattle Dog,Herding Dogs,17 to 20 inches tall at the shoulder,30 to 50 pounds,12 to 15 years,,2,1,4,3,4,4,,5,3,4,2,,3,1.0,4,5,4,3,,5,5,5,4.0,2.0,4,,5,5,5,5,https://dogtime.com/dog-breeds/australian-cattle-dog
Australian Kelpie,Herding Dogs,15 to 20 inches,25 to 46 pounds,10 to 15 years,,2,2,4,2,3,5,,4,2,3,2,,3,1.0,4,3,2,3,,5,5,5,4.0,4.0,4,,5,3,5,4,https://dogtime.com/dog-breeds/australian-kelpie
Australian Retriever,Mixed Breed Dogs,19 to 23 inches,25 to 60 pounds,12 to 15 years,,1,4,3,2,4,4,,4,4,3,3,,3,2.0,3,4,4,4,,4,4,2,3.0,2.0,4,,5,3,5,4,https://dogtime.com/dog-breeds/australian-retriever
Australian Shepherd,Herding Dogs,18 to 23 inches tall at the shoulder,40 to 65 pounds,12 to 15 years,,1,2,5,2,4,4,,5,4,5,3,,3,1.0,1,2,4,3,,5,5,4,4.0,4.0,5,,5,4,5,5,https://dogtime.com/dog-breeds/australian-shepherd
Australian Shepherd Husky,Mixed Breed Dogs,18 to 25 inches,40 to 65 pounds,12 to 15 years,,1,2,4,1,5,4,,5,3,2,2,,4,2.0,3,3,4,4,,4,5,3,4.0,5.0,5,,5,5,5,5,https://dogtime.com/dog-breeds/australian-shepherd-husky
Australian Shepherd Lab Mix,Mixed Breed Dogs,22 to 25 inches ,40 to 80 pounds,12 to 15 years ,,2,2,5,4,5,4,,4,4,4,4,,4,2.0,4,4,3,4,,5,5,4,3.0,3.0,5,,5,5,5,5,https://dogtime.com/dog-breeds/australian-shepherd-lab-mix
Australian Shepherd Pit Bull Mix,Mixed Breed Dogs,17 to 23 inches,30 to 85 pounds,10 to 16 years,,2,3,3,2,3,3,,4,4,3,3,,4,2.0,3,4,5,4,,4,4,3,4.0,2.0,3,,4,3,4,4,https://dogtime.com/dog-breeds/australian-shepherd-pit-bull-mix
Australian Stumpy Tail Cattle Dog,Herding Dogs,17 to 20 inches,35 to 51 pounds,13 to 15 years,,1,2,3,2,4,4,,3,3,2,2,,4,2.0,3,4,4,3,,3,4,3,3.0,2.0,4,,5,4,5,3,https://dogtime.com/dog-breeds/australian-stumpy-tail-cattle-dog
Australian Terrier,Terrier Dogs,10 to 11 inches tall at the shoulder,14 to 16 pounds,Up to 15 years,,5,3,2,2,3,4,,4,3,2,3,,1,1.0,5,5,3,1,,3,4,1,5.0,5.0,4,,5,5,4,5,https://dogtime.com/dog-breeds/australian-terrier
Azawakh,Hound Dogs,23 to 27 inches tall at the shoulder,33 to 55 pounds,12 to 15 years,,5,2,3,3,1,5,,4,2,3,2,,3,1.0,5,3,3,4,,3,3,3,4.0,1.0,2,,3,2,4,3,https://dogtime.com/dog-breeds/azawakh
Barbet,Sporting Dogs,20 to 25 inches tall at the shoulder,37 to 62 pounds,13 to 15 years,,3,2,3,1,4,4,,5,4,4,3,,2,1.0,1,4,3,3,,4,4,2,3.0,3.0,3,,5,3,3,4,https://dogtime.com/dog-breeds/barbet
Basenji,Hound Dogs,16 to 17 inches tall at the shoulder,22 to 24 pounds,10 to 12 years,,5,4,3,4,1,4,,5,5,4,5,,1,1.0,5,2,2,2,,1,4,5,5.0,1.0,5,,5,1,5,2,https://dogtime.com/dog-breeds/basenji
Bassador,Mixed Breed Dogs,13 to 20 inches,45 to 70 pounds,10 to 12 years,,2,2,3,3,4,4,,3,3,3,3,,5,4.0,3,3,3,4,,2,3,2,4.0,3.0,3,,3,2,4,3,https://dogtime.com/dog-breeds/bassador
Basset Fauve de Bretagne,Hound Dogs,12 to 15 inches. ,25 to 35 pounds. ,12 to 15 years. ,,4,4,3,3,3,1,,5,4,4,3,,2,1.0,4,5,1,2,,3,5,3,3.0,2.0,1,,4,2,4,3,https://dogtime.com/dog-breeds/basset-fauve-de-bretagne
Basset Hound,Hound Dogs,Up to 14 inches tall at the shoulder,50 to 65 pounds,10 to 12 years,,5,4,4,3,2,2,,5,5,5,5,,4,4.0,5,1,5,3,,2,4,3,5.0,4.0,5,,2,2,2,2,https://dogtime.com/dog-breeds/basset-hound
Basset Retriever,Mixed Breed Dogs,10 to 14 inches,40 to 70 pounds,10 to 12 years,,3,3,2,2,4,4,,4,4,3,4,,2,2.0,4,4,4,3,,4,5,3,5.0,2.0,4,,4,2,4,4,https://dogtime.com/dog-breeds/basset-retriever
Bavarian Mountain Scent Hound,Hound Dogs,17 to 20 inches.,44 to 55 pounds. ,10 to 14 years. ,,2,3,2,2,2,3,,5,4,3,2,,1,2.0,3,4,2,3,,3,4,2,4.0,2.0,2,,4,2,4,4,https://dogtime.com/dog-breeds/bavarian-mountain-scent-hound
Beabull,Mixed Breed Dogs,12 to 16 inches,30 to 60 pounds,10 to 13 years,,4,3,4,4,2,2,,5,5,4,3,,4,3.0,5,3,4,3,,3,3,4,4.0,4.0,4,,3,4,3,5,https://dogtime.com/dog-breeds/beabull
Beagle,Hound Dogs,13 to 15 inches tall at the shoulder,18 to 30 pounds,10 to 15 years,,4,3,4,1,2,4,,5,5,5,5,,3,1.0,4,1,5,2,,1,4,3,5.0,5.0,5,,4,5,4,5,https://dogtime.com/dog-breeds/beagle
Beaglier,Mixed Breed Dogs,12 to 16 inches ,10 to 20 pounds,10 to 15 years ,,5,4,4,1,2,3,,5,5,5,5,,3,1.0,4,2,5,2,,2,4,3,3.0,4.0,4,,3,3,4,5,https://dogtime.com/dog-breeds/beaglier
Bearded Collie,Herding Dogs,20 to 22 inches tall at the shoulder,45 to 55 pounds,12 to 14 years,,3,4,4,2,4,3,,5,4,5,4,,4,1.0,2,3,4,3,,5,4,3,3.0,3.0,5,,4,4,4,5,https://dogtime.com/dog-breeds/bearded-collie
Bedlington Terrier,Terrier Dogs,15 to 16 inches tall at the shoulder,17 to 23 pounds,14 to 16 years,,4,4,3,3,4,3,,5,4,4,5,,5,1.0,1,4,3,3,,3,5,4,5.0,3.0,4,,4,2,4,5,https://dogtime.com/dog-breeds/bedlington-terrier
Belgian Laekenois,Herding Dogs,22 to 26 inches,44 to 66 pounds,10 to 12 years,,3,3,2,2,3,3,,4,4,4,3,,3,3.0,4,3,3,4,,3,4,2,4.0,2.0,3,,4,3,4,4,https://dogtime.com/dog-breeds/belgian-laekenois
Belgian Malinois,Herding Dogs,22 to 26 inches tall at the shoulder,40 to 80 pounds,12 to 14 years,,1,3,5,3,4,4,,5,4,2,3,,2,1.0,5,4,2,4,,5,5,3,4.0,2.0,3,,5,4,5,5,https://dogtime.com/dog-breeds/belgian-malinois
Belgian Sheepdog,Herding Dogs,22 to 26 inches tall at the shoulder,60 to 75 pounds,10 to 12 years,,3,3,5,3,4,3,,4,5,5,4,,5,1.0,3,3,2,4,,5,5,2,5.0,1.0,4,,5,3,5,5,https://dogtime.com/dog-breeds/belgian-sheepdog
Belgian Tervuren,Herding Dogs,21 to 26 inches tall at the shoulder,40 to 70 pounds,10 to 12 years,,3,3,5,1,4,3,,4,3,3,3,,4,1.0,3,3,2,4,,5,5,2,2.0,5.0,4,,5,3,4,5,https://dogtime.com/dog-breeds/belgian-tervuren
Bergamasco Sheepdog,Herding Dogs,20 to 24 inches,55 to 85 pounds,13 to 15 years,,3,4,2,3,4,3,,4,5,4,4,,2,1.0,4,5,2,3,,3,5,2,2.0,3.0,3,,4,2,3,4,https://dogtime.com/dog-breeds/bergamasco-sheepdog
Berger Picard,Herding Dogs,"1 foot, 9 inches to 2 feet, 1 inch tall at the shoulder",50 to 70 pounds,13 to 14 years,,3,4,5,3,4,3,,5,5,3,2,,4,1.0,5,5,3,4,,4,4,2,3.0,2.0,2,,5,3,5,5,https://dogtime.com/dog-breeds/berger-picard
Bernedoodle,Mixed Breed Dogs,"From 10 to 29 inches tall at the shoulder, as sizes vary from tiny to standard",From 10 to 90 pounds,12 to 18 years. Tiny Bernedoodles tend to live longer than standard.,,3,3,4,2,5,3,,5,5,4,3,,1,2.0,3,4,3,3,,4,5,4,3.0,3.0,3,,4,3,3,5,https://dogtime.com/dog-breeds/bernedoodle
Bernese Mountain Dog,Working Dogs,23 to 28 inches,70 to 115 pounds,6 to 10 years,,1,2,4,1,5,1,,5,5,3,5,,5,4.0,3,1,4,5,,4,4,5,5.0,4.0,3,,4,3,3,4,https://dogtime.com/dog-breeds/bernese-mountain-dog
Bichon Frise,Companion Dogs,9 to 11 inches tall at the shoulder,7 to 12 pounds,12 to 15 years,,5,5,5,1,3,4,,5,4,4,5,,2,1.0,1,4,4,2,,5,4,3,4.0,2.0,2,,5,3,3,5,https://dogtime.com/dog-breeds/bichon-frise
Biewer Terrier,Terrier Dogs,7 to 11 inches,4 to 8 pounds,12 to 15 years,,5,3,3,3,2,3,,5,4,3,3,,1,1.0,4,4,3,1,,3,4,3,1.0,3.0,1,,5,3,3,4,https://dogtime.com/dog-breeds/biewer-terrier
Black and Tan Coonhound,Hound Dogs,23 to 27 inches tall at the shoulder,75 to 100 pounds,10 to 12 years,,1,2,3,2,4,4,,5,5,5,5,,5,3.0,4,5,5,3,,2,5,1,5.0,5.0,5,,5,5,5,5,https://dogtime.com/dog-breeds/black-and-tan-coonhound
Black Mouth Cur,Working Dogs,16 to 25 inches,40 to 95 pounds,12 to 18 years,,1,2,4,2,3,3,,5,5,3,3,,3,2.0,5,4,2,4,,3,4,3,5.0,4.0,4,,4,3,5,4,https://dogtime.com/dog-breeds/black-mouth-cur
Black Russian Terrier,Working Dogs,26 to 28 inches at the shoulder,80 to 140 pounds,10 to 11 years,,3,2,4,2,4,3,,4,5,2,2,,3,3.0,2,3,3,5,,4,4,4,2.0,3.0,3,,3,5,4,5,https://dogtime.com/dog-breeds/black-russian-terrier
Bloodhound,Hound Dogs,23 to 27 inches ttall at the shoulder,80 to 110 pounds,11 to 15 years,,1,2,4,2,3,3,,5,5,5,5,,4,5.0,1,3,3,4,,3,4,5,3.0,4.0,5,,5,4,5,3,https://dogtime.com/dog-breeds/bloodhound
Blue Lacy,Working Dogs,17 to 25 inches,25 to 50 pounds,12 to 16 years,,1,1,4,2,4,5,,4,3,2,2,,3,2.0,5,4,2,3,,5,5,4,5.0,5.0,4,,5,5,5,4,https://dogtime.com/dog-breeds/blue-lacy
Bluetick Coonhound,Hound Dogs,23 to 30 inches tall at the shoulder,45 to 100 pounds,10 to 12 years,,2,2,5,2,3,3,,5,5,3,3,,2,2.0,5,4,3,3,,2,4,3,4.0,4.0,5,,5,4,5,5,https://dogtime.com/dog-breeds/bluetick-coonhound
Bocker,Mixed Breed Dogs,12 to 15 inches ,20 to 30 pounds ,12 to 15 years ,,5,3,5,1,3,4,,5,4,4,4,,3,1.0,3,3,4,2,,4,4,4,5.0,5.0,5,,4,3,4,4,https://dogtime.com/dog-breeds/bocker
Boerboel,Working Dogs,22 to 28 inches,110 to 200 pounds,10 to 12 years,,1,1,3,2,3,4,,4,4,2,2,,3,4.0,4,4,3,5,,2,4,3,3.0,3.0,4,,3,4,4,4,https://dogtime.com/dog-breeds/boerboel
Boglen Terrier,Mixed Breed Dogs,12 to 17 inches ,10 to 40 pounds,10 to 15 years ,,4,4,4,2,2,3,,5,5,5,5,,2,1.0,4,3,3,2,,2,2,4,4.0,4.0,5,,4,5,4,5,https://dogtime.com/dog-breeds/boglen-terrier
Bohemian Shepherd,Herding Dogs,19 to 22 inches,35 to 60 pounds,10 to 15 years,,2,3,4,2,4,3,,4,4,4,3,,4,1.0,4,4,3,3,,4,5,2,2.0,2.0,3,,4,3,4,5,https://dogtime.com/dog-breeds/bohemian-shepherd
Bolognese,Companion Dogs,9 to 12 inches tall at the shoulder,8 to 14 pounds,12 to 14 years,,5,3,5,2,2,3,,5,5,5,5,,1,1.0,1,5,3,1,,5,4,4,5.0,4.0,1,,3,3,4,3,https://dogtime.com/dog-breeds/bolognese
Borador,Hybrid Dogs,19 to 24 inches,40 to 65 pounds,10 to 15 years,,3,3,2,2,3,3,,5,4,4,4,,4,3.0,3,3,4,4,,4,5,3,3.0,2.0,3,,4,3,4,5,https://dogtime.com/dog-breeds/borador
Border Collie,Herding Dogs,18 to 22 inches tall at the shoulder,30 to 45 pounds,12 to 15 years,,2,2,5,1,4,4,,5,4,3,5,,3,1.0,3,2,3,3,,5,5,3,3.0,2.0,3,,5,3,5,5,https://dogtime.com/dog-breeds/border-collie
Border Sheepdog,Mixed Breed Dogs,16 to 22 inches,25 to 45 pounds,12 to 15 years,,2,3,2,2,4,2,,5,4,3,3,,3,1.0,3,4,2,3,,4,5,4,3.0,4.0,2,,5,3,5,4,https://dogtime.com/dog-breeds/border-sheepdog
Border Terrier,Terrier Dogs,10 to 11 inches tall at the shoulder,11 to 15 pounds,12 to 15 years,,4,3,3,1,4,3,,5,4,2,5,,3,1.0,2,4,5,2,,3,5,5,5.0,1.0,4,,4,4,5,5,https://dogtime.com/dog-breeds/border-terrier
Bordoodle,Mixed Breed Dogs,12 to 22 inches,30 to 60 pounds,12 to 15 years,,4,4,3,3,4,4,,4,5,3,2,,2,2.0,4,4,3,3,,4,5,3,2.0,2.0,3,,3,2,3,4,https://dogtime.com/dog-breeds/bordoodle
Borzoi,Hound Dogs,26 to 32 inches tall at the shoulder,55 to 105 pounds,10 to 12 years,,5,3,5,1,4,3,,4,3,4,4,,5,1.0,4,4,2,5,,3,4,3,5.0,2.0,4,,2,2,2,3,https://dogtime.com/dog-breeds/borzoi
BoShih,Mixed Breed Dogs,12 to 15 inches ,10 to 20 pounds,12 to 15 years ,,5,4,3,1,2,2,,4,2,3,4,,2,1.0,5,3,3,2,,2,3,1,1.0,2.0,2,,3,2,3,5,https://dogtime.com/dog-breeds/boshih
Bossie,Mixed Breed Dogs,15 to 23 inches,25 to 40 pounds,12 to 15 years ,,2,2,3,5,3,3,,4,4,4,4,,2,1.0,3,3,3,3,,4,4,3,3.0,3.0,5,,4,4,5,5,https://dogtime.com/dog-breeds/bossie
Boston Boxer,Mixed Breed Dogs,15 to 23 inches,22 to 55 pounds,12 to 15 years,,4,3,3,2,3,3,,4,4,4,2,,3,3.0,4,4,4,3,,3,4,3,3.0,3.0,2,,4,3,4,5,https://dogtime.com/dog-breeds/boston-boxer
Boston Terrier,Companion Dogs,12 to 15 inches tall at the shoulder,10 to 25 pounds,13 to 15 years,,5,4,5,3,3,2,,4,5,5,4,,2,1.0,5,4,3,2,,4,4,2,2.0,3.0,5,,4,5,4,5,https://dogtime.com/dog-breeds/boston-terrier
Boston Terrier Pekingese Mix,Mixed Breed Dogs,10 to 15 inches,10 to 25 pounds,10 to 15 years,,4,3,3,2,2,2,,4,4,3,3,,2,2.0,4,4,4,1,,2,4,3,2.0,4.0,2,,3,3,3,4,https://dogtime.com/dog-breeds/boston-terrier-pekingese-mix
Bouvier des Flandres,Herding Dogs,23 to 26 inches tall at the shoulder,70 to 100 pounds,10 to 12 years,,3,2,4,2,4,2,,5,5,2,2,,1,1.0,2,3,4,4,,5,4,2,2.0,4.0,2,,4,5,4,4,https://dogtime.com/dog-breeds/bouvier-des-flandres
Boxador,Mixed Breed Dogs,23 to 25 inches,50 to 110 pounds,12 to 15 years,,2,2,3,1,2,2,,5,4,4,4,,4,2.0,5,2,4,4,,5,5,3,2.0,3.0,3,,5,5,5,5,https://dogtime.com/dog-breeds/boxador
Boxer,Working Dogs,21 to 25 inches at the shoulder,60 to 70 pounds,10 to 12 years,,4,3,4,1,2,1,,5,4,3,4,,4,2.0,5,2,4,3,,4,4,2,3.0,3.0,3,,5,5,5,5,https://dogtime.com/dog-breeds/boxer
Boxerdoodle,Mixed Breed Dogs,10 to 25 inches,12 to 70 pounds,10 to 12 years,,1,3,3,2,3,3,,4,3,4,3,,2,2.0,3,3,4,3,,4,4,2,3.0,2.0,4,,4,4,4,5,https://dogtime.com/dog-breeds/boxerdoodle
Boxmatian,Mixed Breed Dogs,19 to 25 inches,50 to 90 pounds,10 to 13 years,,1,2,3,2,2,4,,4,3,2,1,,3,2.0,3,5,4,5,,3,4,4,3.0,3.0,4,,5,4,5,4,https://dogtime.com/dog-breeds/boxmatian
Boxweiler,Mixed Breed Dogs,21 to 27 inches,70 to 100 pounds,8 to 13 years,,2,3,4,2,3,2,,5,4,4,2,,3,2.0,3,3,4,4,,4,4,2,2.0,3.0,1,,4,3,4,4,https://dogtime.com/dog-breeds/boxweiler
Boykin Spaniel,Sporting Dogs,14 to 18 inches tall at the shoulder,25 to 40 pounds,10 to 12 years,,1,3,4,3,3,4,,5,5,4,3,,4,1.0,1,2,4,3,,4,4,4,2.0,3.0,4,,5,5,5,4,https://dogtime.com/dog-breeds/boykin-spaniel
Bracco Italiano,Sporting Dogs,22 to 26 inches,55 to 90 pounds,10 to 14 years,,1,2,4,3,3,3,,5,4,5,3,,3,2.0,5,2,3,4,,3,4,2,5.0,2.0,3,,4,4,5,4,https://dogtime.com/dog-breeds/bracco-italiano
Braque du Bourbonnais,Working Dogs,18 to 23 inches.,35 to 55 pounds.,12 to 15 years. ,,1,3,3,2,2,3,,5,4,4,4,,2,1.0,4,4,1,3,,4,4,3,4.0,3.0,2,,5,2,5,3,https://dogtime.com/dog-breeds/braque-du-bourbonnais
Briard,Herding Dogs,22 to 27 inches tall at the shoulder,70 to 100 pounds,10 to 12 years,,3,3,4,3,4,3,,4,5,5,2,,1,1.0,1,3,3,4,,4,4,2,3.0,4.0,5,,4,4,4,4,https://dogtime.com/dog-breeds/briard
Brittany,Sporting Dogs,"1 foot, 5 inches to 1 foot, 8 inches tall at the shoulder",30 to 40 pounds,10 to 13 years,,1,3,5,1,4,3,,5,5,5,4,,3,5.0,3,4,3,3,,3,5,3,5.0,3.0,4,,5,3,5,5,https://dogtime.com/dog-breeds/brittany
Broholmer,Companion Dogs,22 to 30 inches.,90 to 150 pounds. ,8 to 12 years. ,,2,4,3,3,3,3,,5,4,3,3,,3,2.0,4,4,3,5,,4,4,3,2.0,3.0,2,,3,3,3,3,https://dogtime.com/dog-breeds/broholmer
Brussels Griffon,Companion Dogs,7 to 8 inches tall at the shoulder,7 to 12 pounds,12 to 15 years,,5,2,5,1,1,2,,5,4,4,3,,3,3.0,3,3,3,1,,3,4,3,1.0,4.0,5,,5,3,4,5,https://dogtime.com/dog-breeds/brussels-griffon
Bugg,Mixed Breed Dogs,14 to 18 inches,10 to 25 pounds,10 to 15 years,,5,4,3,2,2,3,,4,3,2,3,,2,2.0,4,4,4,2,,3,4,4,3.0,4.0,2,,4,3,2,4,https://dogtime.com/dog-breeds/bugg
Bull Arab,Hybrid Dogs,24 to 27 inches,60 to 95 pounds,12 to 15 years,,2,1,2,3,4,4,,3,3,1,2,,2,2.0,4,4,3,4,,2,4,3,5.0,2.0,4,,4,5,4,2,https://dogtime.com/dog-breeds/bull-arab
Bull-Pei,Mixed Breed Dogs,16 to 18 inches,35 to 65 pounds ,9 to 11 years ,,4,2,3,3,1,1,,3,2,2,2,,4,3.0,4,3,4,3,,3,2,4,2.0,2.0,1,,2,2,2,2,https://dogtime.com/dog-breeds/bull-pei
Bull Terrier,Terrier Dogs,21 to 22 inches tall at the shoulder,35 to 75 pounds,10 to 15 years,,4,3,5,2,1,4,,5,5,4,5,,3,1.0,5,4,5,2,,5,4,4,4.0,1.0,5,,4,5,5,5,https://dogtime.com/dog-breeds/bull-terrier
Bullador,Mixed Breed Dogs,17 to 20 inches ,50 to 90 pounds,10 to 12 years ,,2,2,4,2,2,2,,4,4,4,4,,4,4.0,4,3,5,4,,4,4,2,4.0,4.0,3,,4,4,4,4,https://dogtime.com/dog-breeds/bullador
Bullboxer Pit,Mixed Breed Dogs,16 to 20 inches,50 to 80 pounds,10 to 14 years,,1,2,3,2,2,2,,4,4,2,2,,4,4.0,4,4,4,3,,2,4,4,5.0,4.0,3,,5,5,5,4,https://dogtime.com/dog-breeds/bullboxer-pit
Bulldog,Companion Dogs,12 to 15 inches tall at the shoulder,40 to 50 pounds,8 to 12 years,,5,4,4,3,1,1,,5,4,2,5,,3,5.0,5,4,5,2,,3,2,2,2.0,4.0,1,,2,3,3,4,https://dogtime.com/dog-breeds/bulldog
Bullmastiff,Working Dogs,24 to 27 inches at the shoulder,100 to 130 pounds,8 to 10 years,,3,2,4,2,4,2,,5,5,4,3,,1,5.0,5,2,5,5,,3,3,3,3.0,4.0,3,,2,4,3,5,https://dogtime.com/dog-breeds/bullmastiff
Bullmatian,Mixed Breed Dogs,11 to 24 inches,41 to 65 pounds,8 to 12 years,,2,1,3,3,2,2,,4,5,4,3,,2,3.0,4,4,4,3,,1,4,3,3.0,2.0,3,,5,4,4,4,https://dogtime.com/dog-breeds/bullmatian
Cairn Terrier,Terrier Dogs,9 to 10 inches tall at the shoulder,13 to 14 pounds,12 to 15 years,,5,4,3,1,4,4,,5,5,4,4,,3,1.0,5,4,3,1,,2,5,3,4.0,4.0,3,,5,4,4,5,https://dogtime.com/dog-breeds/cairn-terrier
Canaan Dog,Herding Dogs,19 to 24 inches tall at the shoulder,35 to 55 pounds,12 to 15 years,,4,2,4,3,3,5,,4,2,3,2,,4,1.0,5,5,2,3,,5,4,3,3.0,3.0,2,,4,3,3,4,https://dogtime.com/dog-breeds/canaan-dog
Cane Corso,Working Dogs,"1 foot, 11 inches to 2 feet, 3 inches tall at the shoulder",90 to 120 pounds,10 to 12 years,,1,1,3,1,3,4,,4,2,3,2,,3,4.0,5,3,4,4,,4,5,2,5.0,3.0,2,,4,3,5,2,https://dogtime.com/dog-breeds/cane-corso
Cardigan Welsh Corgi,Herding Dogs,10 inches to 1 foot tall at the shoulder,25 to 38 pounds,12 to 15 years,,4,4,4,3,4,3,,5,4,3,3,,4,1.0,3,4,4,2,,4,5,2,4.0,4.0,3,,3,3,3,4,https://dogtime.com/dog-breeds/cardigan-welsh-corgi
Carolina Dog,Hound Dogs,18 to 20 inches at the shoulder,33 to 55 pounds,12 to 15 years,,2,2,2,1,4,4,,2,3,5,2,,4,2.0,4,5,4,3,,2,4,2,5.0,1.0,3,,4,5,4,3,https://dogtime.com/dog-breeds/carolina-dog
Catahoula Bulldog,Mixed Breed Dogs,24 to 26 inches,75 to 100 pounds,10 to 14 years,,1,1,2,3,1,5,,4,3,2,1,,1,1.0,5,4,3,4,,2,3,4,5.0,3.0,3,,5,5,5,4,https://dogtime.com/dog-breeds/catahoula-bulldog
Catahoula Leopard Dog,Herding Dogs,20 to 26 inches tall at the shoulder,50 to 90 pounds,10 to 14 years,,1,1,2,2,3,3,,5,3,1,1,,3,1.0,5,3,3,4,,2,3,3,1.0,3.0,3,,4,3,5,2,https://dogtime.com/dog-breeds/catahoula-leopard-dog
Caucasian Shepherd Dog,Working Dogs,24 to 34 inches,80 to 220 pounds,10 to 12 years,,2,1,2,3,5,2,,4,2,2,2,,4,4.0,2,3,4,5,,2,4,4,3.0,3.0,2,,2,4,2,3,https://dogtime.com/dog-breeds/caucasian-shepherd-dog
Cav-a-Jack,Mixed Breed Dogs,10 to 17 inches,13 to 18 pounds,12 to 17 years,,4,4,3,1,3,3,,4,4,4,4,,2,2.0,4,3,4,2,,4,4,3,4.0,3.0,3,,4,3,4,5,https://dogtime.com/dog-breeds/cav-a-jack
Cavachon,Mixed Breed Dogs,12 to 13 inches ,15 to 35 pounds ,10 to 15 years ,,5,5,5,1,3,3,,5,5,5,5,,2,1.0,2,4,4,2,,4,4,3,4.0,3.0,2,,4,3,4,5,https://dogtime.com/dog-breeds/cavachon
Cavador,Mixed Breed Dogs,18 to 24 inches,22 to 55 pounds,10 to 14 years,,3,5,4,2,3,3,,5,5,4,3,,3,2.0,4,4,4,3,,4,4,2,3.0,3.0,3,,4,3,4,5,https://dogtime.com/dog-breeds/cavador
Cavalier King Charles Spaniel,Companion Dogs,12 to 13 inches at the shoulder,13 to 18 pounds,9 to 15 years,,5,5,5,1,3,2,,5,5,5,5,,3,1.0,4,4,4,2,,4,4,3,3.0,2.0,2,,3,2,4,5,https://dogtime.com/dog-breeds/cavalier-king-charles-spaniel
Cavapoo,Mixed Breed Dogs,9 to 14 inches,9 to 25 pounds,12 to 15 years,,3,3,3,2,4,3,,5,5,4,4,,2,1.0,3,3,4,2,,4,4,3,3.0,2.0,3,,3,2,3,5,https://dogtime.com/dog-breeds/cavapoo
Central Asian Shepherd Dog,Working Dogs,24 to 28 inches,88 to 110 pounds ,12 to 15 years ,,1,1,4,2,5,2,,3,3,4,2,,4,5.0,5,5,3,4,,2,5,2,1.0,3.0,2,,3,3,4,2,https://dogtime.com/dog-breeds/central-asian-shepherd-dog
Cesky Terrier,Terrier Dogs,10 to 13 inches tall at the shoulder,13 to 30 pounds,10 to 15 years,,5,4,4,3,3,3,,5,3,2,3,,1,1.0,4,5,4,2,,4,3,3,2.0,3.0,3,,2,3,3,5,https://dogtime.com/dog-breeds/cesky-terrier
Chabrador,Mixed Breed Dogs,18 to 24 inches,45 to 80 pounds,9 to 13 years,,4,2,4,3,4,1,,4,4,2,2,,4,3.0,4,4,3,3,,2,4,4,4.0,3.0,3,,3,4,3,4,https://dogtime.com/dog-breeds/chabrador
Cheagle,Mixed Breed Dogs,9 to 14 inches ,9 to 20 pounds ,10 to 14 years ,,4,4,4,1,1,2,,5,3,3,2,,3,1.0,5,3,4,2,,2,4,3,4.0,4.0,3,,4,4,3,4,https://dogtime.com/dog-breeds/cheagle
Chesapeake Bay Retriever,Sporting Dogs,"1 foot, 9 inches to 2 feet, 2 inches tall at the shoulder",55 to 80 pounds,10 to 12 years,,1,1,3,2,4,4,,5,3,1,1,,5,3.0,5,4,4,3,,3,4,3,3.0,3.0,4,,5,5,5,4,https://dogtime.com/dog-breeds/chesapeake-bay-retriever
Chi Chi,Mixed Breed Dogs,5 to 12 inches,4 to 11 pounds,11 to 20 years,,4,2,4,2,2,3,,3,3,2,3,,2,1.0,4,4,4,2,,3,4,3,3.0,4.0,2,,4,4,3,4,https://dogtime.com/dog-breeds/chi-chi
Chi-Poo,Mixed Breed Dogs,5 to 15 inches ,5 to 20 pounds ,12 to 15 years ,,5,5,5,4,2,3,,5,5,3,3,,2,1.0,3,2,3,2,,5,5,3,3.0,3.0,3,,3,2,2,4,https://dogtime.com/dog-breeds/chi-poo
Chigi,Mixed Breed Dogs,7 to 12 inches,10 to 20 pounds,12 to 14 years ,,3,4,5,2,3,2,,5,5,2,2,,4,1.0,5,3,3,1,,4,4,2,3.0,2.0,3,,4,4,4,4,https://dogtime.com/dog-breeds/chigi
Chihuahua,Companion Dogs,6 inches to 9 inches tall at the shoulder,3 to 6 pounds,10 to 18 years,,5,4,5,1,1,2,,5,5,2,2,,2,1.0,5,2,3,1,,4,4,3,3.0,3.0,2,,3,2,1,4,https://dogtime.com/dog-breeds/chihuahua
Chilier,Mixed Breed Dogs,8 to 12 inches,6 to 12 pounds,12 to 16 years,,4,2,4,2,2,2,,4,4,4,3,,2,3.0,4,4,3,2,,2,4,3,3.0,3.0,2,,4,4,3,4,https://dogtime.com/dog-breeds/chilier
Chinese Crested,Companion Dogs,11 to 13 inches tall at the shoulder,Up to 12 pounds,10 to 14 years,,5,3,5,1,1,3,,4,5,4,4,,2,1.0,2,5,2,2,,4,3,4,3.0,3.0,1,,2,1,2,3,https://dogtime.com/dog-breeds/chinese-crested
Chinese Shar-Pei,Working Dogs,18 to 20 inches tall at the shoulder,40 to 55 pounds,8 to 12 years,,4,2,2,4,2,1,,2,2,1,2,,2,2.0,5,1,4,3,,3,2,5,2.0,5.0,2,,2,1,3,1,https://dogtime.com/dog-breeds/chinese-shar-pei
Chinook,Working Dogs,21 to 27 inches tall at the shoulder,55 to 70 pounds,12 to 15 years,,4,1,5,1,5,4,,5,5,5,4,,5,1.0,2,4,3,4,,4,5,3,2.0,2.0,2,,3,3,3,4,https://dogtime.com/dog-breeds/chinook
Chion,Mixed Breed Dogs,5 to 11 inches,4 to 11 pounds,10 to 15 years,,4,3,3,2,2,3,,5,3,3,2,,2,2.0,3,4,4,2,,3,3,4,3.0,4.0,1,,4,3,2,4,https://dogtime.com/dog-breeds/chion
Chipin,Mixed Breed Dogs,8 to 12 inches ,5 to 15 pounds ,10 to 14 years ,,5,4,5,1,1,2,,5,4,2,2,,2,1.0,5,3,4,1,,4,3,2,3.0,2.0,3,,4,3,2,5,https://dogtime.com/dog-breeds/chipin
Chiweenie,Mixed Breed Dogs,6 to 10 inches,5 to 12 pounds,12 to 16 years,,5,3,4,2,1,4,,4,2,3,2,,1,1.0,5,3,4,1,,2,4,2,3.0,5.0,2,,4,2,4,5,https://dogtime.com/dog-breeds/chiweenie
Chorkie,Mixed Breed Dogs,6 to 9 inches ,8 to 15 pounds ,12 to 15 years ,,5,5,5,1,1,2,,4,3,3,2,,2,1.0,3,3,2,1,,3,3,2,2.0,4.0,2,,4,3,3,5,https://dogtime.com/dog-breeds/chorkie
Chow Chow,Working Dogs,17 to 20 inches tall at the shoulder,40 to 70 pounds,12 to 15 years,,3,2,2,5,5,2,,2,1,1,1,,1,3.0,1,2,4,4,,2,1,5,2.0,1.0,2,,2,2,2,1,https://dogtime.com/dog-breeds/chow-chow
Chow Shepherd,Mixed Breed Dogs,22 to 26 inches,45 to 90 pounds ,12 to 15 years ,,3,2,4,2,5,4,,3,3,2,2,,5,2.0,1,3,2,4,,3,3,3,3.0,2.0,3,,5,4,5,4,https://dogtime.com/dog-breeds/chow-shepherd
Chug,Mixed Breed Dogs,10 to 14 inches,10 to 20 pounds,10 to 13,,5,3,3,3,2,3,,5,4,3,3,,4,2.0,4,4,4,1,,3,3,3,2.0,2.0,2,,4,3,3,4,https://dogtime.com/dog-breeds/chug
Chusky,Mixed Breed Dogs,18 to 23 inches,40 to 65 pounds,10 to 13 years,,2,2,3,3,5,2,,4,4,3,3,,5,2.0,2,3,3,3,,3,4,3,3.0,4.0,2,,4,3,4,4,https://dogtime.com/dog-breeds/chusky
Cirneco dell’Etna,Companion Dogs,17 to 20 inches,17 to 26 pounds,12 to 14 years,,4,3,3,3,3,3,,5,5,4,3,,2,1.0,4,5,2,3,,3,3,2,4.0,3.0,1,,4,2,3,4,https://dogtime.com/dog-breeds/cirneco-delletna
Clumber Spaniel,Sporting Dogs,"1 foot, 5 inches to 1 foot, 8 inches tall at the shoulder",55 to 85 pounds,12 to 12 years,,5,5,4,2,5,2,,5,3,4,3,,5,5.0,1,2,5,3,,4,3,5,5.0,1.0,4,,3,1,2,5,https://dogtime.com/dog-breeds/clumber-spaniel
Cockalier,Mixed Breed Dogs,12 to 15 inches,10 to 28 pounds,12 to 15 years,,4,4,4,2,2,2,,5,5,4,3,,2,1.0,4,4,3,2,,4,4,2,3.0,2.0,2,,4,2,4,5,https://dogtime.com/dog-breeds/cockalier
Cockapoo,Hybrid Dogs,From under 10 to over 15 inches tall at the shoulder,From under 6 to over 19 pounds,12 to 15 years,,4,5,4,3,4,4,,5,4,5,4,,1,1.0,3,2,3,2,,4,4,2,3.0,2.0,3,,3,3,3,5,https://dogtime.com/dog-breeds/cockapoo
Cocker Spaniel,Sporting Dogs,"1 foot, 2 inches to 1 foot, 3 inches tall at the shoulder",24 to 28 pounds,12 to 15 years,,5,3,5,1,4,3,,5,3,4,3,,3,1.0,1,4,4,2,,5,4,4,5.0,3.0,4,,4,2,3,4,https://dogtime.com/dog-breeds/cocker-spaniel
Collie,Herding Dogs,22 to 26 inches all at the shoulder,50 to 70 pounds,10 to 14 years,,3,4,5,2,4,3,,5,5,4,4,,5,1.0,2,3,3,3,,4,4,3,4.0,4.0,1,,3,2,3,4,https://dogtime.com/dog-breeds/collie
Corgi Inu,Mixed Breed Dogs,9 to 15 inches,17 to 27 pounds,12 to 15 years,,4,3,3,3,4,2,,3,3,3,2,,5,2.0,2,3,3,2,,4,4,3,3.0,3.0,2,,4,3,4,4,https://dogtime.com/dog-breeds/corgi-inu
Corgidor,Mixed Breed Dogs,12 to 23 inches ,40 to 55 pounds ,10 to 15 years ,,3,2,4,3,3,3,,5,4,3,4,,5,2.0,4,4,4,3,,4,5,3,3.0,2.0,3,,5,3,4,5,https://dogtime.com/dog-breeds/corgidor
Corman Shepherd,Mixed Breed Dogs,12 to 15 inches,20 to 70 pounds,10 to 15 years,,2,2,3,3,4,3,,4,4,4,3,,5,2.0,3,3,4,3,,4,5,3,3.0,3.0,2,,4,3,4,4,https://dogtime.com/dog-breeds/corman-shepherd
Coton de Tulear,Companion Dogs,8 to 12 inches tall at the shoulder,8 to 13 pounds,Starts at 14 years,,5,4,5,1,3,3,,5,5,5,5,,1,1.0,2,5,3,1,,3,4,3,1.0,2.0,3,,3,2,3,5,https://dogtime.com/dog-breeds/coton-de-tulear
Croatian Sheepdog,Herding Dogs,16 to 21 inches,29 to 45 pounds,12 to 14 years,,3,2,3,3,4,2,,4,3,2,2,,5,3.0,2,4,3,3,,3,4,4,3.0,4.0,3,,4,4,4,4,https://dogtime.com/dog-breeds/croatian-sheepdog
Curly-Coated Retriever,Sporting Dogs,"1 foot, 11 inches to 2 feet, 3 inches tall at the shoulder",65 to 100 pounds,9 to 12 years,,1,3,3,3,4,4,,5,5,4,3,,3,2.0,3,2,3,3,,4,5,5,5.0,3.0,4,,5,3,4,5,https://dogtime.com/dog-breeds/curly-coated-retriever
Dachsador,Mixed Breed Dogs,15 to 25 inches,30 to 40 pounds,12 to 14 years,,4,2,3,2,3,3,,4,4,3,4,,2,1.0,4,4,4,2,,3,4,2,4.0,2.0,4,,4,3,4,4,https://dogtime.com/dog-breeds/dachsador
Dachshund,Hound Dogs,8 inches to 9 inches tall at the shoulder,16 to 32 pounds,12 to 15 years,,5,4,4,3,1,3,,4,5,3,1,,3,1.0,3,2,5,1,,2,4,4,5.0,5.0,5,,3,3,3,4,https://dogtime.com/dog-breeds/dachshund
Dalmatian,Companion Dogs,19 to 24 inches tall at the shoulder,48 to 55 pounds,13 to 16 years,,2,3,4,3,3,4,,5,4,4,3,,5,1.0,5,4,4,3,,4,4,2,2.0,2.0,4,,5,4,5,4,https://dogtime.com/dog-breeds/dalmatian
Dandie Dinmont Terrier,Terrier Dogs,8 to 11 inches tall at the shoulder,18 to 24 pounds,12 to 15 years,,4,4,3,2,3,3,,5,4,3,3,,3,1.0,2,3,4,1,,2,3,3,4.0,2.0,3,,3,3,2,4,https://dogtime.com/dog-breeds/dandie-dinmont-terrier
Daniff,Mixed Breed Dogs,27 to 33 inches,115 to 190 pounds,8 to 12 years,,2,2,3,1,4,3,,5,4,4,3,,2,4.0,1,3,3,5,,4,4,2,2.0,1.0,2,,3,4,4,4,https://dogtime.com/dog-breeds/daniff
Danish-Swedish Farmdog,Working Dogs,12 to 15 inches,15 to 20 pounds,11 to 13 years,,3,2,3,4,4,4,,5,5,5,3,,5,1.0,4,5,3,2,,5,4,2,5.0,4.0,1,,4,3,5,4,https://dogtime.com/dog-breeds/danish-swedish-farmdog
Deutscher Wachtelhund,Sporting Dogs,18 to 21 inches,40 to 55 pounds,12 to 14 years,,3,3,2,2,4,3,,5,4,4,3,,3,2.0,3,5,2,4,,4,4,3,4.0,3.0,2,,4,3,4,4,https://dogtime.com/dog-breeds/deutscher-wachtelhund
Doberdor,Mixed Breed Dogs,24 to 28 inches,60 to 100 pounds,10 to 14 years,,1,1,3,2,2,4,,3,3,3,1,,1,2.0,4,4,4,5,,1,4,3,4.0,4.0,4,,5,4,5,4,https://dogtime.com/dog-breeds/doberdor
Doberman Pinscher,Working Dogs,24 to 28 inches tall at the shoulder,60 to 80 pounds,10 to 13 years,,3,3,5,2,1,4,,5,3,1,3,,4,4.0,5,1,3,4,,5,5,2,1.0,1.0,2,,3,3,3,5,https://dogtime.com/dog-breeds/doberman-pinscher
Docker,Mixed Breed Dogs,9 to 15 inches ,20 to 30 Pounds ,12 to 14 Years,,3,2,4,2,3,3,,5,3,3,2,,3,2.0,3,3,3,2,,3,4,5,5.0,4.0,5,,3,3,3,4,https://dogtime.com/dog-breeds/docker
Dogo Argentino,Sporting Dogs,23 to 27 inches,80 to 100 pounds,9 to 15 years,,1,1,3,2,2,4,,4,2,2,2,,1,3.0,4,3,2,4,,2,3,2,5.0,2.0,4,,4,4,4,3,https://dogtime.com/dog-breeds/dogo-argentino
Dogue de Bordeaux,Working Dogs,23 to 27 inches tall at the shoulder,Starts at 100 pounds,8 to 12 years,,5,1,4,2,3,2,,5,5,1,1,,3,5.0,5,2,4,4,,2,3,4,4.0,2.0,1,,2,2,5,3,https://dogtime.com/dog-breeds/dogue-de-bordeaux
Dorgi,Mixed Breed Dogs,9 to12 inches,15 to 28 pounds,12 to 15 years,,4,4,3,1,4,3,,4,4,4,3,,2,2.0,4,4,4,2,,3,4,4,3.0,3.0,3,,4,4,4,5,https://dogtime.com/dog-breeds/dorgi
Dorkie,Mixed Breed Dogs,5 to 10 inches,5 to 12 pounds,13 to 16 years,,5,4,4,2,2,2,,4,4,4,4,,3,1.0,2,2,2,1,,3,4,2,3.0,2.0,2,,2,2,2,3,https://dogtime.com/dog-breeds/dorkie
Doxiepoo,Mixed Breed Dogs,8 to 23 inches,5 to 30 pounds,10 to 15 years,,5,3,4,2,3,3,,5,2,1,3,,3,,3,2,4,2,,3,5,3,4.0,5.0,4,,4,4,4,5,https://dogtime.com/dog-breeds/doxiepoo
Doxle,Mixed Breed Dogs,5 to 15 inches,11 to 30 pounds,12 to 14 years,,2,4,4,1,2,4,,5,4,5,4,,5,1.0,4,4,4,2,,3,4,3,5.0,5.0,5,,5,4,5,5,https://dogtime.com/dog-breeds/doxle
Drentsche Patrijshond,Working Dogs,21 to 25 inches,40 to 60 pounds,11 to 14 years old,,3,2,4,3,4,3,,5,4,4,3,,4,3.0,3,4,2,3,,2,4,3,4.0,2.0,1,,5,3,4,4,https://dogtime.com/dog-breeds/drentsche-patrijshond
Drever,Hound Dogs,12 to 16 inches,35 to 40 pounds,12 to 15 years,,4,3,2,2,2,3,,5,5,4,3,,3,2.0,3,5,3,3,,3,4,4,3.0,4.0,2,,5,3,4,4,https://dogtime.com/dog-breeds/drever
Dutch Shepherd,Herding Dogs,21 to 25 inches,50 to 70 pounds,12 to 15 years,,3,3,3,2,4,4,,4,4,4,2,,4,2.0,3,4,2,3,,5,4,2,3.0,2.0,2,,4,3,4,4,https://dogtime.com/dog-breeds/dutch-shepherd
English Cocker Spaniel,Sporting Dogs,"1 foot, 3 inches to 1 foot, 5 inches tall at the shoulder",26 to 34 pounds,12 to 14 years,,5,4,5,1,4,3,,5,5,5,5,,3,1.0,3,4,5,2,,4,5,3,5.0,4.0,4,,5,3,4,5,https://dogtime.com/dog-breeds/english-cocker-spaniel
English Foxhound,Hound Dogs,25 to 27 inches tall at the shoulder,55 to 75 pounds,10 to 13 years,,1,2,3,4,3,3,,4,4,5,3,,3,1.0,5,4,2,3,,3,3,4,5.0,4.0,5,,5,4,5,5,https://dogtime.com/dog-breeds/english-foxhound
English Setter,Sporting Dogs,"1 foot, 11 inches to 2 feet, 3 inches tall at the shoulder",45 to 80 pounds,11 to 15 years,,1,3,4,1,4,3,,5,5,5,5,,3,2.0,3,3,5,3,,3,5,4,5.0,4.0,5,,4,2,5,5,https://dogtime.com/dog-breeds/english-setter
English Springer Spaniel,Sporting Dogs,"1 foot, 6 inches to 1 foot, 10 inches tall at the shoulder",45 to 55 pounds,9 to 15 years,,1,3,4,1,3,4,,5,5,5,4,,3,1.0,2,3,3,3,,5,5,3,5.0,3.0,4,,5,3,5,5,https://dogtime.com/dog-breeds/english-springer-spaniel
English Toy Spaniel,Companion Dogs,10 to 11 inches tall at the shoulder,8 to 14 pounds,10 to 12 years,,4,4,4,1,2,2,,5,1,4,4,,5,2.0,4,2,3,2,,3,3,4,4.0,3.0,2,,3,3,2,4,https://dogtime.com/dog-breeds/english-toy-spaniel
Entlebucher Mountain Dog,Herding Dogs,16 to 20 inches tall at the shoulder,45 to 65 pounds,10 to 13 years,,1,2,4,3,4,2,,5,5,3,2,,3,1.0,5,3,3,3,,3,4,4,4.0,5.0,3,,5,4,5,5,https://dogtime.com/dog-breeds/entlebucher-mountain-dog
Estrela Mountain Dog,Herding Dogs,24 to 30 inches,75 to 130 pounds,11 to 15 years,,1,3,2,3,4,3,,5,5,3,2,,4,3.0,2,4,3,4,,4,5,2,1.0,3.0,1,,3,3,3,3,https://dogtime.com/dog-breeds/estrela-mountain-dog
Eurasier,Companion Dogs,20 to 24 Inches,40 to 71 lbs,12 to 14 years,,4,3,2,1,4,3,,3,5,4,2,,4,3.0,3,4,2,4,,4,4,2,1.0,2.0,1,,3,2,3,3,https://dogtime.com/dog-breeds/eurasier
Field Spaniel,Sporting Dogs,"1 foot, 4 inches to 1 foot, 7 inches tall at the shoulder",37 to 45 pounds,10 to 12 years,,1,3,4,1,3,4,,5,5,4,4,,3,1.0,4,3,4,2,,5,5,3,4.0,2.0,5,,5,3,5,5,https://dogtime.com/dog-breeds/field-spaniel
Fila Brasileiro,Working Dogs,24 to 30 inches,90 to 180 pounds,9 to 12 years,,1,1,3,3,2,3,,3,3,2,1,,2,3.0,4,3,4,5,,2,4,3,5.0,3.0,3,,4,4,4,2,https://dogtime.com/dog-breeds/fila-brasileiro
Finnish Lapphund,Herding Dogs,17 to 20 inches tall at the shoulder,33 to 53 pounds,12 to 15 years,,4,4,4,2,5,2,,5,5,5,4,,3,1.0,4,4,4,3,,5,5,4,4.0,3.0,4,,5,5,4,5,https://dogtime.com/dog-breeds/finnish-lapphund
Finnish Spitz,Sporting Dogs,15 to 20 inches tall at the shoulder,20 to 35 pounds,12 to 15 years,,3,3,3,1,5,3,,5,5,5,3,,4,1.0,2,4,3,3,,3,4,3,3.0,5.0,4,,5,4,5,5,https://dogtime.com/dog-breeds/finnish-spitz
Flat-Coated Retriever,Sporting Dogs,"1 foot, 10 inches to 2 feet tall at the shoulder",55 to 70 pounds,10 to 12 years,,1,2,5,1,4,4,,5,5,5,5,,3,2.0,4,4,4,3,,4,5,3,3.0,4.0,4,,5,4,5,5,https://dogtime.com/dog-breeds/flat-coated-retriever
Fox Terrier,Terrier Dogs,Up to 15 inches tall at the shoulder,15 to 19 pounds,10 to 15 years,,3,3,3,3,3,4,,4,4,3,3,,2,1.0,2,4,2,2,,5,5,3,5.0,3.0,3,,5,5,5,5,https://dogtime.com/dog-breeds/fox-terrier
French Bulldog,Companion Dogs,11 to 12 inches tall at the shoulder,16 to 28 pounds,11 to 14 years,,5,5,3,1,2,1,,5,4,4,4,,3,1.0,5,2,4,2,,4,3,3,2.0,3.0,2,,3,4,2,5,https://dogtime.com/dog-breeds/french-bulldog
French Bullhuahua,Mixed Breed Dogs,6 to 12 inches,10 to 30 pounds,10 to 15 years,,4,3,3,2,2,4,,4,3,2,3,,3,2.0,4,4,5,1,,3,3,4,3.0,4.0,2,,3,3,3,4,https://dogtime.com/dog-breeds/french-bullhuahua
French Spaniel,Sporting Dogs,21 to 24 inches.,45 to 60 pounds.,10 to 12 years.,,2,4,4,3,4,2,,5,4,4,4,,3,2.0,3,4,2,3,,4,4,2,3.0,2.0,2,,5,3,4,4,https://dogtime.com/dog-breeds/french-spaniel
Frenchton,Mixed Breed Dogs,11 to 14 inches,15 to 25 pounds,12 to 15 years,,5,5,3,2,3,3,,5,5,5,5,,4,3.0,5,4,2,2,,4,4,2,2.0,3.0,3,,3,3,3,5,https://dogtime.com/dog-breeds/frenchton
Frengle,Mixed Breed Dogs,8 to 15 inches,18 to 30 pounds,10 to 15 years,,4,4,4,3,2,2,,5,5,4,4,,3,1.0,5,4,4,3,,3,4,3,3.0,2.0,3,,4,3,4,5,https://dogtime.com/dog-breeds/frengle
German Longhaired Pointer,Sporting Dogs,23 to 28 inches,60 to 71 pounds,11 to 14 years,,2,2,3,3,3,2,,5,4,4,4,,2,3.0,5,4,4,4,,4,4,2,3.0,3.0,4,,5,3,5,3,https://dogtime.com/dog-breeds/german-longhaired-pointer
German Pinscher,Working Dogs,17 to 20 inches tall at the shoulder,25 to 45 pounds,12 to 14 years,,3,3,4,3,3,4,,5,3,2,2,,3,1.0,5,4,3,3,,4,5,3,5.0,3.0,4,,5,3,5,5,https://dogtime.com/dog-breeds/german-pinscher
German Shepherd Dog,Herding Dogs,"1 foot, 10 inches to 2 feet, 2 inches tall at the shoulder",75 to 95 pounds,10 to 14 years,,3,2,5,2,4,3,,5,5,2,4,,5,1.0,5,4,2,4,,5,5,5,4.0,4.0,2,,5,5,5,5,https://dogtime.com/dog-breeds/german-shepherd-dog
German Shepherd Pit Bull,Mixed Breed Dogs,17 to 26 inches ,30 to 90 pounds ,10 to 12 years ,,1,1,4,1,3,3,,5,5,4,4,,5,1.0,5,4,4,4,,5,5,5,4.0,4.0,3,,5,5,5,5,https://dogtime.com/dog-breeds/german-shepherd-pit-bull
German Shepherd Rottweiler Mix,Mixed Breed Dogs,22 to 28 inches,75 to 115 pounds,9 to 13 years,,3,4,3,3,4,2,,4,4,3,3,,5,3.0,3,3,4,4,,3,4,3,3.0,3.0,2,,4,3,4,4,https://dogtime.com/dog-breeds/german-shepherd-rottweiler-mix
German Sheprador,Mixed Breed Dogs,20 to 27 inches ,60 to 95 pounds ,10 to 12 years ,,2,1,5,2,4,4,,5,5,4,4,,5,2.0,5,3,3,4,,5,5,5,3.0,2.0,2,,5,5,5,5,https://dogtime.com/dog-breeds/german-sheprador
German Shorthaired Pointer,Sporting Dogs,"1 foot, 9 inches to 2 feet, 1 inch tall at the shoulder",45 to 70 pounds,12 to 15 years,,1,2,4,1,2,4,,5,5,4,3,,2,2.0,5,3,3,3,,5,5,4,5.0,3.0,5,,5,3,5,5,https://dogtime.com/dog-breeds/german-shorthaired-pointer
German Spitz,Companion Dogs,12 to 15 inches,21 to 29 pounds,13 to 15 years,,4,2,3,3,3,2,,5,4,3,3,,4,1.0,2,4,4,1,,2,4,4,5.0,4.0,2,,5,3,4,4,https://dogtime.com/dog-breeds/german-spitz
German Wirehaired Pointer,Sporting Dogs,"1 foot, 10 inches to 2 feet, 2 inches tall at the shoulder",60 to 70 pounds,12 to 14 years,,2,3,4,2,3,4,,5,3,3,2,,2,2.0,4,4,3,4,,4,5,4,4.0,3.0,5,,5,4,5,5,https://dogtime.com/dog-breeds/german-wirehaired-pointer
Giant Schnauzer,Working Dogs,23 to 27 inches tall at the shoulder,55 to 80 pounds,10 to 12 years,,1,1,4,2,4,2,,5,3,3,2,,4,1.0,2,4,3,4,,5,4,3,4.0,4.0,4,,5,2,5,5,https://dogtime.com/dog-breeds/giant-schnauzer
Glen of Imaal Terrier,Terrier Dogs,12 to 14 inches tall at the shoulder,Up to 35 pounds,12 to 15 years,,4,2,3,3,3,4,,5,5,2,3,,1,1.0,5,5,3,1,,4,4,3,5.0,4.0,3,,4,5,4,4,https://dogtime.com/dog-breeds/glen-of-imaal-terrier
Goberian,Mixed Breed Dogs,20 to 24 inches,45 to 90 pounds,10 to 15 years,,1,2,3,2,5,2,,4,4,4,2,,2,1.0,5,4,4,4,,2,5,3,4.0,2.0,4,,5,4,5,4,https://dogtime.com/dog-breeds/goberian
Goldador,Hybrid Dogs,22 to 24 inches tall at the shoulder,60 to 80 pounds,10 to 15 years,,2,4,3,4,5,4,,5,5,5,5,,3,2.0,4,4,3,4,,4,5,2,1.0,1.0,4,,5,5,5,5,https://dogtime.com/dog-breeds/goldador
Golden Cocker Retriever,Mixed Breed Dogs,20 to 24 inches,30 to 45 pounds,12 to 15 years,,1,4,4,1,2,4,,5,4,4,3,,4,1.0,4,4,4,3,,4,4,2,2.0,3.0,4,,5,2,4,5,https://dogtime.com/dog-breeds/golden-cocker-retriever
Golden Mountain Dog,Mixed Breed Dogs,24 to 28 inches,75 to 120 pounds,9 to 15 years,,1,2,2,2,5,1,,5,5,4,3,,4,4.0,2,3,4,5,,4,4,2,2.0,3.0,4,,4,2,5,5,https://dogtime.com/dog-breeds/golden-mountain-dog
Golden Retriever,Sporting Dogs,21 to 24 inches tall at the shoulder,55 to 75 pounds,10 to 12 years,,2,3,5,1,3,3,,5,5,5,5,,5,4.0,2,2,5,3,,5,5,5,3.0,3.0,2,,5,2,5,5,https://dogtime.com/dog-breeds/golden-retriever
Golden Retriever Corgi,Mixed Breed Dogs,10 to 18 inches,30 to 75 pounds,10 to 13 years,,3,4,3,3,3,3,,5,5,4,4,,4,3.0,3,3,4,3,,4,4,3,2.0,3.0,2,,4,3,3,5,https://dogtime.com/dog-breeds/golden-retriever-corgi
Golden Shepherd,Mixed Breed Dogs,20 to 26 inches,55 to 85 pounds ,10 to 14 years,,2,2,5,1,5,4,,5,5,3,5,,5,2.0,2,3,3,5,,5,5,5,3.0,3.0,2,,5,3,5,5,https://dogtime.com/dog-breeds/golden-shepherd
Goldendoodle,Hybrid Dogs,20 to 24 inches tall at the shoulder,50 to 90 pounds,10 to 15 years,,1,4,4,3,3,3,,5,5,5,4,,2,1.0,4,3,3,4,,4,5,1,1.0,3.0,3,,4,3,5,5,https://dogtime.com/dog-breeds/goldendoodle
Gollie,Mixed Breed Dogs,22 to 26 inches,50 to 75 pounds,12 to 15 years,,1,4,3,2,3,3,,5,5,4,4,,4,2.0,3,3,4,3,,4,4,2,2.0,2.0,4,,5,3,4,5,https://dogtime.com/dog-breeds/gollie
Gordon Setter,Sporting Dogs,"1 foot, 11 inches to 2 feet, 3 inches tall at the shoulder",45 to 80 pounds,10 to 12 years,,2,3,4,1,4,3,,5,3,2,3,,5,3.0,2,4,3,3,,5,5,3,4.0,5.0,4,,5,2,5,5,https://dogtime.com/dog-breeds/gordon-setter
Great Dane,Working Dogs,26 to 34 inches tall at the shoulder,100 to 200 pounds,7 to 10 years,,1,1,5,1,2,3,,5,5,5,5,,5,4.0,5,4,2,5,,5,3,2,3.0,4.0,3,,5,5,5,5,https://dogtime.com/dog-breeds/great-dane
Great Pyrenees,Working Dogs,25 to 32 inches tall at the shoulder,85 to 160 pounds,10 to 12 years,,1,1,4,3,5,3,,5,4,4,3,,5,2.0,4,2,4,5,,1,4,2,5.0,5.0,5,,5,5,5,4,https://dogtime.com/dog-breeds/great-pyrenees
Greater Swiss Mountain Dog,Working Dogs,23 to 28 inches tall at the shoulder,85 to 140 pounds,7 to 9 years,,1,2,4,3,5,1,,5,5,5,3,,3,1.0,5,2,4,5,,3,3,3,4.0,4.0,3,,5,4,3,5,https://dogtime.com/dog-breeds/greater-swiss-mountain-dog
Greyador,Mixed Breed Dogs,21 to 27 inches,50 to 80 pounds ,11 to 13 years,,3,2,5,1,1,3,,5,5,5,5,,5,4.0,5,4,5,4,,3,5,5,4.0,4.0,4,,4,4,4,4,https://dogtime.com/dog-breeds/greyador
Greyhound,Hound Dogs,"2 feet, 1 inch to 2 feet, 6 inches tall at the shoulder",50 to 85 pounds,12 to 15 years,,4,2,5,1,1,5,,5,5,4,5,,4,5.0,5,4,5,4,,5,5,4,5.0,2.0,5,,5,3,5,4,https://dogtime.com/dog-breeds/greyhound
Hamiltonstovare,Hound Dogs,19 to 24 inches,40 to 75 pounds,14 to 17 years,,3,2,4,3,3,3,,5,4,3,3,,1,1.0,4,4,3,3,,3,4,2,5.0,3.0,2,,5,3,4,4,https://dogtime.com/dog-breeds/hamiltonstovare
Hanoverian Scenthound,Working Dogs,19 to 22 inches,80 to 100 pounds,12 to 14 years,,2,1,4,3,3,3,,5,5,4,3,,2,1.0,4,4,3,4,,2,4,2,4.0,3.0,2,,4,3,4,4,https://dogtime.com/dog-breeds/hanoverian-scenthound
Harrier,Hound Dogs,19 to 21 inches tall at the shoulder,45 to 60 pounds,10 to 12 years,,1,3,2,3,3,4,,4,5,5,5,,3,1.0,5,5,3,3,,2,4,3,4.0,4.0,5,,5,4,5,5,https://dogtime.com/dog-breeds/harrier
Havanese,Companion Dogs,8 to 11 inches tall at the shoulder,7 to 13 pounds,12 to 15 years,,5,5,4,1,3,4,,5,4,5,5,,2,1.0,1,3,4,2,,5,4,3,4.0,2.0,2,,3,2,3,5,https://dogtime.com/dog-breeds/havanese
Havapoo,Mixed Breed Dogs,8 to 15 inches,7 to 30 pounds,10 to 14 years,,5,5,4,1,3,4,,5,4,4,4,,1,1.0,1,3,4,2,,5,5,3,3.0,2.0,3,,3,2,3,5,https://dogtime.com/dog-breeds/havapoo
Hokkaido,Working Dogs,18 to 22 Inches,45 to 65 Pounds,11 to 13 Years,,3,2,2,3,5,2,,4,4,3,3,,4,2.0,1,5,3,3,,3,4,3,4.0,3.0,3,,3,2,3,3,https://dogtime.com/dog-breeds/hokkaido
Horgi,Mixed Breed Dogs,12 to 15 inches ,20 to 50 pounds,12 to 15 years ,,2,2,4,2,4,3,,5,5,4,5,,4,2.0,3,3,3,2,,4,4,4,4.0,3.0,3,,4,3,4,4,https://dogtime.com/dog-breeds/horgi
Hovawart,Working Dogs,23 to 29 inches,55 to 110 pounds,10 to 14 years,,1,2,3,2,4,3,,4,4,2,2,,3,1.0,4,4,3,4,,2,4,2,2.0,2.0,2,,4,4,4,4,https://dogtime.com/dog-breeds/hovawart
Huskita,Mixed Breed Dogs,22 to 25 inches ,50 to 75 pounds ,10 to 13 years,,2,1,4,1,5,3,,5,2,2,3,,4,3.0,1,4,3,4,,2,3,3,4.0,5.0,5,,4,4,5,5,https://dogtime.com/dog-breeds/huskita
Huskydoodle,Mixed Breed Dogs,12 to 25 inches,40 to 60 pounds,10 to 14 years,,2,2,3,2,4,3,,4,4,4,3,,3,2.0,3,4,4,3,,3,5,3,4.0,2.0,2,,5,4,5,4,https://dogtime.com/dog-breeds/huskydoodle
Ibizan Hound,Hound Dogs,22 to 27 inches tall at the shoulder,45 to 50 pounds,10 to 14 years,,5,3,4,2,1,4,,5,5,5,4,,3,1.0,5,4,1,3,,3,4,3,5.0,2.0,5,,5,3,5,5,https://dogtime.com/dog-breeds/ibizan-hound
Icelandic Sheepdog,Herding Dogs,16 to 18 inchestall at the shoulder,20 to 30 pounds,14 to 15 years,,1,1,3,2,5,3,,4,4,2,2,,5,1.0,1,3,3,3,,3,4,3,4.0,1.0,4,,4,5,4,4,https://dogtime.com/dog-breeds/icelandic-sheepdog
Irish Red And White Setter,Sporting Dogs,22 to 26 inches tall at the shoulder,50 to 70 pounds,10 to 14 years,,1,3,4,1,4,3,,5,4,4,4,,3,1.0,3,2,2,3,,4,4,4,3.0,3.0,4,,5,5,5,5,https://dogtime.com/dog-breeds/irish-red-and-white-setter
Irish Setter,Sporting Dogs,"2 feet, 1 inch to 2 feet, 3 inches tall at the shoulder",60 to 70 pounds,11 to 15 years,,1,3,4,2,4,3,,5,5,5,5,,4,2.0,3,2,3,4,,4,5,5,5.0,4.0,5,,5,3,5,5,https://dogtime.com/dog-breeds/irish-setter
Irish Terrier,Terrier Dogs,18 to 20 inches tall at the shoulder,25 to 27 pounds,12 to 16 years,,3,2,3,2,4,4,,5,5,1,3,,4,1.0,2,5,3,3,,1,4,1,2.0,4.0,3,,5,4,4,5,https://dogtime.com/dog-breeds/irish-terrier
Irish Water Spaniel,Sporting Dogs,"1 foot, 9 inches to 2 feet tall at the shoulder",45 to 65 pounds,10 to 12 years,,3,2,4,3,4,4,,5,5,4,5,,1,2.0,3,2,3,3,,5,4,3,5.0,4.0,3,,5,3,5,4,https://dogtime.com/dog-breeds/irish-water-spaniel
Irish Wolfhound,Hound Dogs,32 to 35 inches tall at the shoulder,115 to 180 pounds,6 to 8 years,,1,2,3,2,4,2,,5,5,5,5,,3,1.0,3,1,3,5,,3,4,3,5.0,1.0,3,,2,2,4,4,https://dogtime.com/dog-breeds/irish-wolfhound
Italian Greyhound,Companion Dogs,13 to 15 inches tall at the shoulder,6 to 15 pounds,14 to 15 years,,5,5,5,1,1,3,,5,5,4,4,,2,1.0,5,3,2,2,,3,3,4,5.0,3.0,3,,4,2,4,4,https://dogtime.com/dog-breeds/italian-greyhound
Jack-A-Poo,Mixed Breed Dogs,10 to 16 inches,13 to 25 pounds,12 to 15 years,,4,4,4,2,4,4,,5,5,5,4,,2,1.0,2,3,4,2,,4,5,4,4.0,3.0,4,,5,4,5,5,https://dogtime.com/dog-breeds/jack-a-poo
Jack Chi,Mixed Breed Dogs,12 to 15 inches,8 to 18 pounds,13 to 18 years,,4,2,3,3,2,4,,4,5,4,3,,2,2.0,5,4,4,2,,2,4,2,4.0,2.0,4,,4,4,4,5,https://dogtime.com/dog-breeds/jack-chi
Jack Russell Terrier,Terrier Dogs,10 to 15 inches tall at the shoulder,13 to 17 pounds,10 to 15 years,,3,2,3,3,4,3,,5,4,5,4,,3,1.0,3,4,4,2,,4,5,4,5.0,4.0,4,,5,5,5,5,https://dogtime.com/dog-breeds/jack-russell-terrier
Jackshund,Mixed Breed Dogs,8 to 23 inches,15 to 28 pounds,12 to 15 years,,4,2,3,3,3,3,,5,4,4,3,,3,1.0,3,3,5,2,,3,5,4,5.0,5.0,5,,4,4,4,5,https://dogtime.com/dog-breeds/jackshund
Japanese Chin,Companion Dogs,8 to 11 inches tall at the shoulder,4 to 9 pounds,10 to 14 years,,5,4,3,1,3,2,,3,3,3,4,,3,1.0,3,3,3,1,,3,3,4,3.0,3.0,1,,2,1,2,4,https://dogtime.com/dog-breeds/japanese-chin
Japanese Spitz,Companion Dogs,10 to 16 inches,11 to 20 pounds,10 to 16 years,,4,4,3,2,4,3,,4,5,4,2,,3,1.0,4,3,2,2,,4,4,2,2.0,4.0,2,,3,2,3,4,https://dogtime.com/dog-breeds/japanese-spitz
Korean Jindo Dog,Sporting Dogs,19½ to 21 inches for males and 18½ to 20 inches for females,35 - 60 pounds,12 - 15 years,,3,2,3,2,5,2,,5,3,3,4,,5,1.0,1,4,2,3,,2,5,2,5.0,,5,,4,4,5,4,https://dogtime.com/dog-breeds/jindo
Kai Ken,Companion Dogs,17 to 22 inches,25 to 45 pounds,12 to 16 years,,2,2,2,3,4,3,,4,4,3,2,,4,2.0,2,4,3,3,,3,5,2,5.0,2.0,3,,5,4,5,3,https://dogtime.com/dog-breeds/kai-ken
Karelian Bear Dog,Working Dogs,19 to 24 inches,44 to 50 pounds,10 to 13 years,,2,1,4,2,5,3,,4,3,1,2,,3,1.0,4,4,2,3,,2,4,4,5.0,4.0,5,,4,5,4,4,https://dogtime.com/dog-breeds/karelian-bear-dog
Keeshond,Companion Dogs,"1 foot, 4 inches to 1 foot, 7 inches tall at the shoulder",35 to 45 pounds,12 to 15 years,,4,4,5,1,5,3,,5,5,4,4,,5,1.0,3,3,4,3,,4,4,3,3.0,4.0,2,,4,3,3,5,https://dogtime.com/dog-breeds/keeshond
Kerry Blue Terrier,Terrier Dogs,17 to 19 inches tall at the shoulder,33 to 40 pounds,12 to 15 years,,3,2,3,3,4,3,,4,4,2,5,,1,1.0,2,3,3,3,,4,4,4,3.0,4.0,3,,4,4,5,4,https://dogtime.com/dog-breeds/kerry-blue-terrier
King Shepherd,Hybrid Dogs,25 to 31 inches ,75 to 150 pounds ,10 to 11 years ,,4,2,4,2,5,4,,4,4,5,4,,4,4.0,4,3,4,5,,4,5,3,2.0,2.0,3,,3,3,4,4,https://dogtime.com/dog-breeds/king-shepherd
Kishu Ken,Working Dogs,17 to 22 inches,30 to 60 pounds,9 to 13 years,,3,2,3,3,5,3,,3,3,2,2,,4,2.0,3,4,3,3,,4,5,2,4.0,1.0,2,,3,3,4,2,https://dogtime.com/dog-breeds/kishu-ken
Komondor,Working Dogs,25 to 27 inches tall at the shoulder,80 to 100 pounds,10 to 12 years,,2,1,4,1,4,3,,5,3,1,1,,3,2.0,2,2,3,4,,4,4,3,2.0,5.0,4,,2,1,4,4,https://dogtime.com/dog-breeds/komondor
Kooikerhondje,Sporting Dogs,14 to 16 inches tall at the shoulder,20 to 25 pounds,12 to 14 years,,4,3,4,2,4,3,,3,2,2,2,,3,1.0,2,5,3,3,,1,4,3,3.0,3.0,3,,4,5,5,4,https://dogtime.com/dog-breeds/kooikerhondje
Kuvasz,Working Dogs,26 to 30 inches tall at the shoulder,70 to 115 pounds,10 to 12 years,,1,1,5,1,5,2,,5,1,2,1,,4,3.0,4,4,4,5,,2,4,1,1.0,3.0,3,,4,4,5,4,https://dogtime.com/dog-breeds/kuvasz
Kyi-Leo,Mixed Breed Dogs,8 to 12 inches,8 to 14 pounds,13 to 15 years,,5,4,3,4,5,2,,5,5,4,3,,2,1.0,2,3,3,2,,3,3,4,1.0,4.0,2,,4,3,2,4,https://dogtime.com/dog-breeds/kyi-leo
Lab Pointer,Mixed Breed Dogs,22 to 28 inches,35 to 80 pounds,10 to 15 years,,1,4,3,1,4,4,,5,4,3,4,,2,2.0,4,4,4,4,,5,4,2,4.0,2.0,4,,5,3,5,4,https://dogtime.com/dog-breeds/lab-pointer
Labernese,Mixed Breed Dogs,24 to 28 inches,65 to 110 pounds,6 to 12 years,,2,4,4,1,4,2,,4,5,4,3,,4,3.0,3,2,4,4,,3,4,3,3.0,2.0,4,,4,2,4,5,https://dogtime.com/dog-breeds/labernese
Labmaraner,Mixed Breed Dogs,21 to 24 inches,60 to 100 pounds,10 to 12 years,,1,4,4,1,3,3,,4,5,4,3,,1,2.0,4,4,4,4,,4,4,3,3.0,3.0,4,,4,3,5,5,https://dogtime.com/dog-breeds/labmaraner
Labrabull,Mixed Breed Dogs,20 to 24 inches ,45 to 90 pounds ,10 to 14 years ,,2,2,4,1,3,3,,5,5,2,5,,5,2.0,5,3,3,4,,5,5,5,3.0,3.0,4,,5,5,4,5,https://dogtime.com/dog-breeds/labrabull
Labradane,Mixed Breed Dogs,24 to 30 inches,100 to 180 pounds,8 to 12 years,,1,2,3,2,4,4,,5,5,4,3,,2,3.0,4,4,4,5,,3,4,2,3.0,1.0,3,,4,2,4,5,https://dogtime.com/dog-breeds/labradane
Labradoodle,Hybrid Dogs,21 to 24 inches at the shoulder,50 to 65 pounds,12 to 14 years,,3,4,3,4,5,4,,5,4,5,5,,3,1.0,4,4,3,4,,4,4,1,2.0,2.0,3,,5,4,5,5,https://dogtime.com/dog-breeds/labradoodle
Labrador Retriever,Sporting Dogs,21 to 24 inches at the shoulder,55 to 80 pounds,10 to 12 years,,1,3,5,2,3,3,,5,5,5,5,,5,3.0,5,3,5,4,,5,5,5,2.0,4.0,3,,5,5,5,5,https://dogtime.com/dog-breeds/labrador-retriever
Labrastaff,Mixed Breed Dogs,17 to 24 inches,40 to 80 pounds,10 to 14 years,,2,2,4,1,3,3,,4,4,3,4,,4,3.0,3,4,4,4,,2,4,3,3.0,3.0,4,,4,3,4,4,https://dogtime.com/dog-breeds/labrastaff
Labsky,Mixed Breed Dogs,20 to 28 inches,40 to 60 pounds,10 to 12 years,,2,2,2,2,5,1,,5,4,3,3,,4,2.0,2,3,4,4,,4,5,3,4.0,4.0,4,,5,4,5,5,https://dogtime.com/dog-breeds/labsky
Lagotto Romagnolo,Sporting Dogs,14 to 19 inches,24 to 35 pounds,14 to 17 years,,2,4,3,3,4,3,,3,3,3,3,,1,2.0,1,4,3,2,,4,4,2,4.0,3.0,3,,4,2,4,4,https://dogtime.com/dog-breeds/lagotto-romagnolo
Lakeland Terrier,Terrier Dogs,13 to 14 inches tall at the shoulder,15 to 17 pounds,12 to 15 years,,4,3,3,2,4,4,,5,4,3,3,,2,1.0,2,5,3,2,,2,4,1,4.0,4.0,3,,5,4,4,4,https://dogtime.com/dog-breeds/lakeland-terrier
Lancashire Heeler,Herding Dogs,10 to 12 inches tall at the shoulder,13 to 15 pounds,9 to 14 years,,2,2,3,3,3,3,,4,3,3,2,,3,1.0,4,4,4,1,,3,4,2,2.0,2.0,4,,4,4,3,4,https://dogtime.com/dog-breeds/lancashire-heeler
Leonberger,Working Dogs,25 to 31 inches tall at the shoulder,120 to 170 pounds,10 to 12 years,,1,1,4,2,5,1,,5,4,3,2,,5,3.0,4,1,4,5,,2,3,4,4.0,3.0,2,,4,4,4,4,https://dogtime.com/dog-breeds/leonberger
Lhasa Apso,Companion Dogs,9 to 11 inches tall at the shoulder,12 to 15 pounds,12 to 15 years,,5,5,5,4,3,2,,4,4,3,2,,3,1.0,1,3,3,1,,3,4,3,4.0,4.0,2,,4,3,3,5,https://dogtime.com/dog-breeds/lhasa-apso
Lhasapoo,Mixed Breed Dogs,9 to 13 inches,10 to 15 pounds,10 to 15 years,,4,2,4,2,3,3,,4,3,3,1,,1,1.0,3,4,3,3,,3,5,2,2.0,4.0,2,,4,4,3,4,https://dogtime.com/dog-breeds/lhasapoo
Lowchen,Companion Dogs,12 to 14 inches tall at the shoulder,9 to 18 pounds,13 to 15 years,,5,4,3,1,3,3,,5,5,4,4,,3,1.0,3,5,3,1,,5,4,3,4.0,4.0,5,,4,3,4,5,https://dogtime.com/dog-breeds/lowchen
Maltese,Companion Dogs,8 to 10 inches tall at the shoulder,Up to 7 pounds,12 to 15 years,,5,5,4,1,1,3,,5,3,4,2,,2,1.0,2,3,3,1,,4,4,3,4.0,4.0,1,,3,3,2,4,https://dogtime.com/dog-breeds/maltese
Maltese Shih Tzu,Hybrid Dogs,From 10 inches tall at the shoulder,6 to 12 pounds,12 to 14 years,,5,5,3,3,2,2,,4,3,3,3,,1,1.0,2,2,3,1,,4,3,4,5.0,4.0,1,,3,2,3,3,https://dogtime.com/dog-breeds/maltese-shih-tzu
Maltipoo,Hybrid Dogs,8 to 14 inches tall at the shoulder,5 to 20 pounds,10 to 13 years,,5,5,5,1,2,3,,5,4,4,4,,1,1.0,3,2,2,2,,5,4,3,2.0,5.0,4,,3,3,2,4,https://dogtime.com/dog-breeds/maltipoo
Manchester Terrier,Terrier Dogs,15 to 16 inches tall at the shoulder,12 to 22 pounds,14 to 16 years,,5,3,3,3,1,3,,4,3,3,3,,3,1.0,5,2,4,2,,2,4,2,4.0,4.0,4,,4,4,4,4,https://dogtime.com/dog-breeds/manchester-terrier
Maremma Sheepdog,Working Dogs, 23.5 to 28.5 inches,65 to 100 pounds,11 to 13 years,,1,1,4,2,4,2,,4,4,4,1,,5,3.0,2,5,5,4,,1,5,2,1.0,2.0,2,,4,4,4,2,https://dogtime.com/dog-breeds/maremma-sheepdog
Mastador,Mixed Breed Dogs,28 to 36 inches,85 to 160 pounds ,10 to 12 years ,,1,2,4,3,4,2,,5,5,3,3,,4,4.0,4,4,4,4,,4,4,4,2.0,2.0,2,,4,4,4,4,https://dogtime.com/dog-breeds/mastador
Mastiff,Working Dogs,27 to 32 inches tall at the shoulder,130 to 220 pounds,6 to 10 years,,2,1,3,3,4,1,,5,5,2,2,,3,5.0,3,3,4,5,,3,2,4,2.0,2.0,1,,3,3,4,4,https://dogtime.com/dog-breeds/mastiff
Miniature Pinscher,Companion Dogs,10 to 12 inches tall at the shoulder,8 to 11 pounds,10 to 14 years,,5,3,5,2,1,3,,5,3,2,3,,2,1.0,5,3,5,1,,3,3,2,3.0,5.0,5,,4,3,4,5,https://dogtime.com/dog-breeds/miniature-pinscher
Miniature Schnauzer,Terrier Dogs,13 to 14 inches tall at the shoulder,11 to 20 pounds,12 to 14 years,,4,3,4,5,4,4,,5,3,3,3,,2,1.0,2,3,4,2,,5,4,2,4.0,3.0,3,,5,3,5,4,https://dogtime.com/dog-breeds/miniature-schnauzer
Morkie,Mixed Breed Dogs,4 to 8 inches,7 to 13 pounds,10 to 14 years,,3,2,3,2,2,3,,4,3,2,3,,1,1.0,3,4,4,1,,3,4,5,3.0,5.0,2,,4,3,4,5,https://dogtime.com/dog-breeds/morkie
Mountain Cur,Working Dogs,16 to 26 inches,30 to 60 pounds,10 to 16 years,,1,1,3,2,4,4,,4,4,3,2,,2,1.0,4,5,1,4,,2,4,2,5.0,3.0,4,,4,4,5,4,https://dogtime.com/dog-breeds/mountain-cur
Mountain Feist,Terrier Dogs,10 to 22 inches,10 to 30 pounds,10 to 18 years,,2,1,4,3,4,3,,5,3,3,2,,3,4.0,5,4,1,2,,3,3,4,5.0,4.0,4,,4,4,4,5,https://dogtime.com/dog-breeds/mountain-feist
Mudi,Herding Dogs,14 to 20 inches,18 to 29 pounds,12 to 14 years,,2,4,4,2,3,3,,4,2,2,2,,3,1.0,4,4,2,2,,5,4,3,4.0,4.0,4,,4,2,4,4,https://dogtime.com/dog-breeds/mudi
Mutt (Mixed),Mixed Breed Dogs,,,8 to 15 years,,3,3,3,3,3,3,,4,3,3,3,,3,3.0,3,4,3,3,,4,4,3,3.0,3.0,3,,3,3,3,3,https://dogtime.com/dog-breeds/mutt
Neapolitan Mastiff,Working Dogs,24 to 31 inches tall at the shoulder,120 to 200 pounds,8 to 10 years,,2,1,4,1,1,2,,5,4,2,1,,3,5.0,3,2,5,5,,3,3,2,1.0,1.0,1,,3,1,3,4,https://dogtime.com/dog-breeds/neapolitan-mastiff
Newfoundland,Working Dogs,"2 feet, 1 inch to 2 feet, 5 inches tall at the shoulder",100 to 150 pounds,8 to 10 years,,1,3,4,1,5,2,,5,5,4,4,,5,5.0,2,1,4,5,,5,4,3,4.0,4.0,3,,3,1,3,4,https://dogtime.com/dog-breeds/newfoundland
Norfolk Terrier,Terrier Dogs,9 to 10 inches tall at the shoulder,11 to 12 pounds,12 to 15 years,,4,5,4,3,4,4,,5,4,5,4,,1,1.0,4,5,5,1,,5,4,2,1.0,3.0,4,,4,4,4,5,https://dogtime.com/dog-breeds/norfolk-terrier
Northern Inuit Dog,Hybrid Dogs,23 to 32 inches,55 to 110 pounds,12 to 15 years,,1,1,4,1,5,3,,5,4,3,5,,5,1.0,2,4,2,4,,2,4,4,4.0,5.0,5,,5,4,5,5,https://dogtime.com/dog-breeds/northern-inuit-dog
Norwegian Buhund,Herding Dogs,16 to 18 inches tall at the shoulder,26 to 40 pounds,12 to 15 years,,3,3,3,4,5,2,,5,5,3,3,,3,1.0,2,4,3,3,,4,3,3,2.0,4.0,4,,4,4,5,5,https://dogtime.com/dog-breeds/norwegian-buhund
Norwegian Elkhound,Hound Dogs,19 to 20 inches tall at the shoulder,,12 to 15 years,,4,4,4,2,5,3,,5,4,4,4,,5,1.0,3,4,4,3,,2,4,3,4.0,4.0,4,,5,3,5,4,https://dogtime.com/dog-breeds/norwegian-elkhound
Norwegian Lundehund,Working Dogs,"1 foot to 1 foot, 3 inches tall at the shoulder",13 to 16 pounds,10 to 12 years,,1,1,3,2,5,3,,5,5,5,5,,5,1.0,4,3,3,3,,4,5,3,2.0,1.0,5,,4,4,5,5,https://dogtime.com/dog-breeds/norwegian-lundehund
Norwich Terrier,Terrier Dogs,Up to 10 inches tall at the shoulder,Up to 12 pounds,10 to 14 years,,5,3,4,2,4,4,,5,5,5,5,,2,1.0,2,4,5,1,,4,4,4,3.0,4.0,4,,5,4,4,5,https://dogtime.com/dog-breeds/norwich-terrier
Nova Scotia Duck Tolling Retriever,Sporting Dogs,"1 foot, 5 inches to 1 foot, 9 inches tall at the shoulder",,10 to 14 years,,5,3,3,2,4,4,,5,5,4,4,,3,1.0,5,4,4,3,,4,5,4,5.0,4.0,3,,5,3,5,5,https://dogtime.com/dog-breeds/nova-scotia-duck-tolling-retriever
Old English Sheepdog,Herding Dogs,,,10 to 12 years,,5,4,4,2,4,2,,5,4,4,4,,1,4.0,1,4,4,4,,3,4,2,3.0,1.0,2,,4,3,4,4,https://dogtime.com/dog-breeds/old-english-sheepdog
Otterhound,Hound Dogs,,,10 to 12 years,,1,4,2,5,4,3,,5,5,5,4,,4,1.0,2,4,3,4,,2,4,3,5.0,2.0,5,,5,4,5,5,https://dogtime.com/dog-breeds/otterhound
Papillon,Companion Dogs,8 to 11 inches tall at the shoulder,4 to 9 pounds,12 to 16 years,,5,5,3,1,2,4,,5,3,4,5,,2,1.0,3,3,3,1,,5,4,3,4.0,2.0,1,,4,3,5,5,https://dogtime.com/dog-breeds/papillon
Papipoo,Mixed Breed Dogs,10 to 11 inches,6 to 14 pounds,10 to 14 years,,5,5,4,1,2,4,,5,3,4,4,,1,1.0,2,3,3,1,,5,5,3,3.0,2.0,2,,5,3,5,5,https://dogtime.com/dog-breeds/papipoo
Patterdale Terrier,Terrier Dogs,12 to 15 inches,11 to 13 pounds ,11 to 14 years,,1,2,4,1,4,4,,4,4,4,4,,2,1.0,4,4,3,2,,3,5,4,5.0,2.0,4,,4,4,4,4,https://dogtime.com/dog-breeds/patterdale-terrier
Peekapoo,Hybrid Dogs,Up to 11 inches tall at the shoulder,4 to 20 pounds,10 to 15 years,,5,5,4,2,3,2,,5,4,4,3,,2,1.0,2,3,4,1,,3,4,4,3.0,4.0,1,,3,2,3,4,https://dogtime.com/dog-breeds/peekapoo
Pekingese,Companion Dogs,6 to 9 inches tall at the shoulder,7 to 14 pounds,12 to 15 years,,5,4,2,3,4,1,,5,2,2,2,,4,1.0,1,2,3,1,,3,4,3,5.0,4.0,3,,2,1,2,3,https://dogtime.com/dog-breeds/pekingese
Pembroke Welsh Corgi,Herding Dogs,10 to 12 inches tall at the shoulder,Up to 30 pounds,12 to 14 years,,4,4,4,3,4,3,,5,4,3,5,,5,1.0,4,3,4,2,,5,5,2,3.0,5.0,2,,4,3,4,4,https://dogtime.com/dog-breeds/pembroke-welsh-corgi
Petit Basset Griffon Vendéen,Hound Dogs,13 to 15 inches tall at the shoulder,30 to 40 pounds,Starts at 14 years,,4,3,3,3,4,3,,5,5,5,5,,4,1.0,2,3,4,2,,1,4,3,5.0,5.0,5,,5,4,5,5,https://dogtime.com/dog-breeds/petit-basset-griffon-vendeen
Pharaoh Hound,Hound Dogs,21 to 25 inches tall at the shoulder,45 to 55 pounds,11 to 14 years,,4,4,5,2,1,5,,5,5,5,4,,2,1.0,4,5,3,3,,3,4,4,5.0,4.0,4,,2,3,4,4,https://dogtime.com/dog-breeds/pharaoh-hound
Pitsky,Mixed Breed Dogs,16 to 25 inches ,30 to 80 pounds ,12 to 16 years ,,2,1,4,1,3,3,,5,5,3,5,,4,2.0,3,4,2,3,,3,3,4,3.0,4.0,4,,4,4,5,5,https://dogtime.com/dog-breeds/pitsky
Plott,Hound Dogs,20 to 27 inches tall at the shoulder,40 to 75 pounds,12 to 14 years,,1,1,4,2,2,4,,4,3,5,3,,2,1.0,5,5,3,3,,4,3,3,5.0,1.0,5,,4,4,5,3,https://dogtime.com/dog-breeds/plott
Pocket Beagle,Hound Dogs,7 to 12 inches tall at the shoulder,7 to 15 pounds,Starts at 10 years,,4,3,4,2,2,4,,5,5,5,4,,3,1.0,5,3,5,2,,3,4,4,3.0,5.0,5,,4,4,4,4,https://dogtime.com/dog-breeds/pocket-beagle
Pointer,Sporting Dogs,"1 foot, 11 inches to 2 feet, 4 inches tall at the shoulder",45 to 75 pounds,12 to 15 years,,1,1,3,1,2,4,,5,5,5,5,,3,1.0,5,3,3,3,,5,5,5,5.0,3.0,5,,5,5,5,5,https://dogtime.com/dog-breeds/pointer
Polish Lowland Sheepdog,Herding Dogs,17 to 20 inches tall at the shoulder,35 to 55 pounds,10 to 12 years,,4,2,4,3,4,4,,5,4,3,3,,1,1.0,1,4,3,3,,4,4,3,3.0,2.0,3,,4,3,4,4,https://dogtime.com/dog-breeds/polish-lowland-sheepdog
Pomapoo,Mixed Breed Dogs,8 to 10 inches,5 to 15 pounds,12 to 15 years ,,5,5,4,1,3,2,,5,3,3,3,,3,1.0,1,3,4,1,,4,4,3,2.0,3.0,1,,3,3,3,4,https://dogtime.com/dog-breeds/pomapoo
Pomchi,Mixed Breed Dogs,6 to 10 inches,4 to 12 pounds,12 to 18 years,,4,3,3,3,2,4,,4,3,3,3,,3,1.0,2,5,4,1,,3,4,4,3.0,4.0,3,,3,4,3,4,https://dogtime.com/dog-breeds/pomchi
Pomeagle,Mixed Breed Dogs,6 to 11 inches ,5 to 25 pounds ,12 to 15 years ,,4,4,4,1,3,2,,5,3,3,3,,4,1.0,2,3,4,1,,3,2,3,3.0,5.0,4,,4,3,3,4,https://dogtime.com/dog-breeds/pomeagle
Pomeranian,Companion Dogs,7 to 12 inches tall at the shoulder,3 to 7 pounds,12 to 16 years,,4,4,4,1,4,2,,5,2,2,3,,4,1.0,2,3,4,1,,4,4,2,2.0,5.0,1,,3,2,2,3,https://dogtime.com/dog-breeds/pomeranian
Pomsky,Mixed Breed Dogs,10 to 15 inches,7 to 38 pounds,12 to 15 years,,5,2,4,1,5,3,,5,2,3,3,,4,1.0,2,3,3,2,,3,4,3,4.0,5.0,2,,4,2,3,4,https://dogtime.com/dog-breeds/pomsky
Poochon,Mixed Breed Dogs,9 to 15 inches ,6 to 17 pounds ,12 to 15 years,,5,5,5,1,3,4,,5,5,4,4,,1,1.0,1,3,4,2,,5,4,3,3.0,2.0,2,,4,3,4,5,https://dogtime.com/dog-breeds/poochon
Poodle,Companion Dogs,From 10 to over 22 inches tall at the shoulder,6 to 70 pounds,12 to 15 years,,5,5,4,1,3,4,,5,5,4,4,,1,1.0,1,2,4,4,,5,5,4,2.0,2.0,3,,4,3,4,5,https://dogtime.com/dog-breeds/poodle
Portuguese Podengo Pequeno,Hound Dogs,8 to 12 inches,9 to 13 pounds,12 to 15 years,,5,4,3,3,2,3,,4,4,4,4,,3,1.0,4,4,2,1,,4,3,3,4.0,4.0,3,,5,3,3,3,https://dogtime.com/dog-breeds/portuguese-podengo-pequeno
Portuguese Pointer,Sporting Dogs,20 to 22 inches,35 to 59 pounds,12 to 14 years,,1,1,4,1,3,3,,4,4,2,4,,1,3.0,4,4,4,3,,4,4,3,4.0,2.0,3,,4,5,4,4,https://dogtime.com/dog-breeds/portuguese-pointer
Portuguese Sheepdog,Herding Dogs,16 to 22 inches ,37 to 59 pounds ,12 to 13 years ,,2,2,4,2,4,3,,4,4,4,2,,2,1.0,4,5,4,4,,3,5,3,2.0,4.0,2,,4,3,4,3,https://dogtime.com/dog-breeds/portuguese-sheepdog
Portuguese Water Dog,Working Dogs,"1 foot, 5 inches to 1 foot, 11 inches tall at the shoulder",35 to 60 pounds,10 to 14 years,,4,3,4,2,4,3,,5,5,5,3,,1,1.0,2,4,3,3,,4,5,5,3.0,3.0,3,,5,3,5,5,https://dogtime.com/dog-breeds/portuguese-water-dog
Pudelpointer,Working Dogs,21 to 27 inches,40 to 65 pounds,10 to 14 years,,2,3,1,2,3,3,,4,3,3,3,,3,2.0,3,4,3,4,,4,4,3,4.0,2.0,4,,4,3,5,3,https://dogtime.com/dog-breeds/pudelpointer
Pug,Companion Dogs,10 to 14 inches tall at the shoulder,14 to 18 pounds,12 to 15 years,,5,5,3,1,2,1,,5,4,4,4,,5,1.0,5,1,5,2,,3,2,2,3.0,2.0,2,,3,4,3,5,https://dogtime.com/dog-breeds/pug
Pugalier,Mixed Breed Dogs,10 to 14 inches,10 to 20 pounds,12 to 15 years ,,5,5,5,2,2,2,,5,5,5,5,,4,1.0,4,3,5,2,,4,3,3,3.0,3.0,2,,3,3,3,5,https://dogtime.com/dog-breeds/pugalier
Puggle,Hybrid Dogs,13 to 15 inches tall at the shoulder,18 to 30 pounds,10 to 15 years,,4,5,3,3,3,3,,3,5,5,5,,3,1.0,5,4,5,2,,2,3,3,2.0,4.0,5,,3,2,3,3,https://dogtime.com/dog-breeds/puggle
Puginese,Mixed Breed Dogs,6 to 14 inches,7 to 18 pounds,12 to 14 years,,5,3,5,4,3,1,,4,3,2,2,,3,1.0,4,3,5,2,,2,2,2,,3.0,1,,3,3,3,4,https://dogtime.com/dog-breeds/puginese
Puli,Herding Dogs,16 to 17 inches tall at the shoulder,25 to 35 pounds,10 to 15 years,,4,1,4,2,4,3,,5,5,5,2,,1,1.0,1,5,3,3,,2,4,3,4.0,4.0,5,,5,5,5,5,https://dogtime.com/dog-breeds/puli
Pyredoodle,Mixed Breed Dogs,15 to 32 inches,85 to 100 pounds,10 to 12 years,,3,4,3,3,4,3,,5,4,4,3,,2,2.0,3,4,3,4,,3,5,3,2.0,3.0,5,,4,3,4,5,https://dogtime.com/dog-breeds/pyredoodle
Pyrenean Mastiff,Working Dogs,24 to 31 inches,130 to 200 pounds,10 to 13 years,,2,2,4,4,4,3,,4,4,4,1,,3,5.0,3,4,2,5,,3,4,2,2.0,3.0,1,,4,4,3,3,https://dogtime.com/dog-breeds/pyrenean-mastiff
Pyrenean Shepherd,Herding Dogs,15 to 21 inches tall at the shoulder,25 to 30 pounds,15 to 17 years,,5,2,4,1,4,3,,5,5,2,2,,3,1.0,3,2,3,2,,2,4,3,4.0,5.0,2,,4,5,5,5,https://dogtime.com/dog-breeds/pyrenean-shepherd
Rat Terrier,Terrier Dogs,13 to 16 inches tall at the shoulder,,13 to 18 years,,5,3,4,3,1,4,,4,5,3,4,,4,1.0,5,4,3,1,,5,4,2,4.0,4.0,4,,5,4,4,5,https://dogtime.com/dog-breeds/rat-terrier
Redbone Coonhound,Hound Dogs,21 to 27 inches tall at the shoulder,45 to 70 pounds,10 to 12 years,,4,2,5,2,3,2,,5,5,4,3,,2,4.0,5,3,3,3,,3,4,4,4.0,4.0,5,,4,4,5,5,https://dogtime.com/dog-breeds/redbone-coonhound
Rhodesian Ridgeback,Hound Dogs,24 to 27 inches tall at the shoulder,70 to 85 pounds,10 to 12 years,,1,2,4,2,3,3,,5,4,4,3,,4,1.0,5,4,3,4,,2,4,3,5.0,1.0,5,,4,4,5,5,https://dogtime.com/dog-breeds/rhodesian-ridgeback
Rottador,Mixed Breed Dogs,24 to 27 inches,70 to 115 pounds,10 to 12 years,,3,2,5,1,4,3,,5,4,3,3,,4,4.0,5,2,5,4,,4,5,4,3.0,4.0,3,,5,5,5,5,https://dogtime.com/dog-breeds/rottador
Rottle,Mixed Breed Dogs,12 to 27 inches,60 to 90 pounds,9 to 15 years,,4,3,3,3,3,3,,5,4,3,3,,2,2.0,4,4,3,3,,5,5,3,3.0,2.0,2,,4,3,4,5,https://dogtime.com/dog-breeds/rottle
Rottweiler,Working Dogs,22 to 27 inches tall at the shoulder,85 to 130 pounds,8 to 11 years,,2,1,4,1,2,3,,5,4,2,4,,4,4.0,5,2,5,3,,4,5,3,4.0,4.0,2,,4,4,4,5,https://dogtime.com/dog-breeds/rottweiler
Saint Berdoodle,Mixed Breed Dogs,15 to 30 inches,40 to 180 pounds,8 to 12 years,,2,5,3,2,4,3,,5,5,5,4,,3,1.0,4,4,3,4,,4,4,3,3.0,3.0,3,,3,3,3,3,https://dogtime.com/dog-breeds/saint-berdoodle
Saint Bernard,Working Dogs,"2 feet, 2 inches to 2 feet, 6 inches tall at the shoulder",120 to 180 pounds,8 to 10 years,,3,2,4,1,5,1,,5,5,5,5,,4,5.0,2,2,4,5,,2,4,3,1.0,1.0,2,,3,2,2,4,https://dogtime.com/dog-breeds/saint-bernard
Saluki,Hound Dogs,23 to 28 inches tall at the shoulder,35 to 70 pounds,12 to 14 years,,1,2,5,1,2,3,,5,4,4,1,,2,1.0,4,4,1,4,,4,4,4,5.0,1.0,5,,5,2,5,5,https://dogtime.com/dog-breeds/saluki
Samoyed,Working Dogs,"1 foot, 7 inches to 2 feet tall at the shoulder",50 to 60 pounds,12 to 14 years,,2,2,4,2,5,1,,5,5,5,5,,5,2.0,1,3,4,3,,3,3,3,5.0,3.0,4,,5,2,5,5,https://dogtime.com/dog-breeds/samoyed
Samusky,Mixed Breed Dogs,20 to 24 inches,45 to 60 pounds,12 to 15 years,,2,3,3,2,5,3,,4,5,4,4,,4,2.0,2,3,4,4,,3,5,3,3.0,2.0,4,,5,3,4,5,https://dogtime.com/dog-breeds/samusky
Schipperke,Companion Dogs,10 to 15 inches tall at the shoulder,11 to 18 pounds,13 to 15 years,,4,2,4,3,3,2,,4,5,2,2,,3,1.0,5,4,5,1,,2,4,3,2.0,4.0,5,,5,3,5,5,https://dogtime.com/dog-breeds/schipperke
Schnoodle,Hybrid Dogs,10 to 26 inches tall at the shoulder,20 to 75 pounds,10 to 15 years,,3,5,4,2,2,4,,4,5,3,3,,2,1.0,4,3,4,4,,4,5,3,3.0,2.0,3,,4,3,4,4,https://dogtime.com/dog-breeds/schnoodle
Scottish Deerhound,Hound Dogs,28 to 32 inches tall at the shoulder,75 to 110 pounds,8 to 11 years,,1,1,3,2,4,4,,5,4,2,5,,5,1.0,2,3,4,5,,2,3,4,5.0,1.0,4,,5,5,5,5,https://dogtime.com/dog-breeds/scottish-deerhound
Scottish Terrier,Terrier Dogs,Up to 10 inches tall at the shoulder,18 to 22 pounds,11 to 13 years,,4,2,4,3,4,3,,5,4,4,4,,2,1.0,2,4,3,2,,1,4,3,3.0,4.0,5,,4,4,4,4,https://dogtime.com/dog-breeds/scottish-terrier
Sealyham Terrier,Terrier Dogs,Up to 10 inches tall at the shoulder,22 to 24 pounds,12 to 14 years,,4,4,4,2,4,3,,4,4,4,3,,4,3.0,1,5,3,2,,3,4,2,2.0,4.0,3,,4,2,4,4,https://dogtime.com/dog-breeds/sealyham-terrier
Sheepadoodle,Mixed Breed Dogs,16 to 22 inches,60 to 80 pounds,12 to 15 years,,4,4,5,2,4,3,,5,5,4,4,,1,1.0,3,4,4,4,,3,5,3,1.0,2.0,2,,4,3,4,5,https://dogtime.com/dog-breeds/sheepadoodle
Shepsky,Mixed Breed Dogs,20 to 25 inches,45 to 88 pounds ,10 to 14 years ,,1,1,4,2,4,3,,5,4,3,4,,4,2.0,3,4,2,4,,4,5,4,4.0,3.0,2,,5,4,5,5,https://dogtime.com/dog-breeds/shepsky
Shetland Sheepdog,Herding Dogs,13 to 16 inches tall at the shoulder,Starts at 20 pounds,12 to 15 years,,2,3,5,2,4,3,,5,5,4,5,,5,1.0,2,4,3,2,,5,5,1,3.0,4.0,2,,4,2,4,4,https://dogtime.com/dog-breeds/shetland-sheepdog
Shiba Inu,Companion Dogs,13 to 17 inches tall at the shoulder,17 to 23 pounds,12 to 16 years,,5,4,3,5,4,3,,4,3,3,3,,4,1.0,4,3,2,2,,2,4,4,3.0,4.0,4,,4,2,3,3,https://dogtime.com/dog-breeds/shiba-inu
Shichon,Mixed Breed Dogs,9 to 12 inches,9 to 15 pounds,12 to 18 years,,5,4,4,1,2,2,,5,5,4,4,,1,1.0,4,4,3,2,,3,4,1,1.0,2.0,1,,4,2,3,5,https://dogtime.com/dog-breeds/shichon
Shih-Poo,Mixed Breed Dogs,8 to 18 inches ,8 to 18 pounds ,13 to 17+ years ,,5,2,4,2,3,2,,5,3,2,4,,1,1.0,2,3,4,1,,2,4,3,2.0,2.0,2,,3,1,2,4,https://dogtime.com/dog-breeds/shih-poo
Shih Tzu,Companion Dogs,9 to 10 inches tall at the shoulder,9 to 16 pounds,10 to 16 years,,5,5,3,3,3,1,,5,4,4,5,,3,1.0,1,3,4,1,,3,4,4,4.0,2.0,2,,2,3,2,4,https://dogtime.com/dog-breeds/shih-tzu
Shikoku,Companion Dogs,17 to 22 inches,35 to 55 pounds,10 to 12 years,,3,2,3,3,5,4,,4,3,2,2,,4,1.0,4,5,4,3,,2,4,2,4.0,2.0,3,,3,3,3,2,https://dogtime.com/dog-breeds/shikoku
Shiloh Shepherd,Working Dogs,26 to 30 inches ,80 to 130 pounds ,9 to 14 years ,,1,2,4,2,5,4,,5,5,4,5,,4,3.0,4,3,4,5,,5,5,4,1.0,4.0,3,,4,4,4,5,https://dogtime.com/dog-breeds/shiloh-shepherd
Shiranian,Mixed Breed Dogs,7 to 12 inches,4 to 16 pounds ,12 to 16 years,,4,4,4,2,2,1,,5,3,3,4,,2,2.0,2,2,3,2,,2,4,1,1.0,2.0,2,,2,3,2,4,https://dogtime.com/dog-breeds/shiranian
Shollie,Mixed Breed Dogs,21 to 29 inches,70 to 80 pounds,13 to 15 years,,1,2,3,2,4,4,,4,4,3,2,,4,2.0,3,3,4,4,,4,4,3,3.0,3.0,4,,5,4,4,4,https://dogtime.com/dog-breeds/shollie
Shorkie,Mixed Breed Dogs,6 to 14 inches,5 to 15 pounds ,11 to 16 years ,,5,3,3,1,2,2,,4,3,2,3,,2,1.0,4,2,3,1,,2,3,2,4.0,4.0,3,,4,3,2,5,https://dogtime.com/dog-breeds/shorkie
Siberian Husky,Working Dogs,20 to 23 inches tall at the shoulder,35 to 60 pounds,12 to 15 years,,2,1,4,1,5,3,,5,5,5,5,,4,3.0,2,4,2,3,,2,3,4,3.0,5.0,5,,5,3,5,5,https://dogtime.com/dog-breeds/siberian-husky
Silken Windhound,Hound Dogs,18 to 23.5 inches,20 to 55 pounds,14 to 20 years,,4,4,4,2,4,4,,5,4,3,4,,2,2.0,4,4,2,3,,5,4,3,5.0,1.0,4,,4,2,4,5,https://dogtime.com/dog-breeds/silken-windhound
Silky Terrier,Companion Dogs,9 to 10 inches tall at the shoulder,8 to 10 pounds,12 to 15 years,,5,3,3,3,1,4,,4,3,2,3,,2,1.0,4,4,3,1,,4,4,2,5.0,4.0,3,,4,4,3,4,https://dogtime.com/dog-breeds/silky-terrier
Skye Terrier,Terrier Dogs,9 to 10 inches tall at the shoulder,25 to 40 pounds,12 to 14 years,,4,4,3,2,4,4,,4,4,2,5,,3,1.0,3,5,3,2,,2,4,3,4.0,4.0,4,,3,4,3,4,https://dogtime.com/dog-breeds/skye-terrier
Sloughi,Hound Dogs,24 to 29 inches tall at the shoulder,40 to 63 pounds,12 to 16 years,,4,2,4,3,2,3,,5,5,4,3,,3,1.0,5,3,2,4,,3,4,3,5.0,2.0,3,,5,3,5,3,https://dogtime.com/dog-breeds/sloughi
Small Munsterlander Pointer,Sporting Dogs,19 to 22 inches tall at the shoulder,40 to 60 pounds,12 to 14 years,,1,2,3,4,5,3,,5,5,5,4,,3,1.0,3,5,3,3,,5,5,3,5.0,3.0,4,,4,5,5,4,https://dogtime.com/dog-breeds/small-munsterlander-pointer
Soft Coated Wheaten Terrier,Terrier Dogs,17 to 19 inches tall at the shoulder,30 to 40 pounds,12 to 15 years,,5,4,4,2,2,3,,5,5,5,5,,2,1.0,3,4,3,3,,4,4,2,3.0,3.0,4,,4,3,4,5,https://dogtime.com/dog-breeds/soft-coated-wheaten-terrier
Spanish Mastiff,Working Dogs,26 to 35 inches,140 to 220 pounds,10 to 12 years,,2,1,3,3,4,3,,4,4,2,2,,3,2.0,3,4,3,5,,2,4,2,1.0,1.0,2,,3,2,3,4,https://dogtime.com/dog-breeds/spanish-mastiff
Spinone Italiano,Sporting Dogs,22 to 28 inches,61 to 86 pounds,10 to 14 years,,4,4,5,2,4,3,,5,5,5,5,,3,4.0,2,3,2,4,,4,4,2,4.0,2.0,2,,4,2,4,4,https://dogtime.com/dog-breeds/spinone-italiano
Springador,Mixed Breed Dogs,18 to 24 inches,50 to 90 pounds,10 to 14 years,,2,3,4,1,4,4,,4,3,3,3,,1,2.0,4,4,4,4,,5,5,2,4.0,3.0,4,,4,3,4,4,https://dogtime.com/dog-breeds/springador
Stabyhoun,Sporting Dogs,19 to 20 inches tall at the shoulder,45 to 50 pounds,13 to 14 years,,2,3,4,3,2,2,,5,5,4,3,,3,1.0,3,5,3,3,,5,5,1,4.0,3.0,3,,3,4,4,5,https://dogtime.com/dog-breeds/stabyhoun
Staffordshire Bull Terrier,Terrier Dogs,14 to 16 inches tall at the shoulder,24 to 38 pounds,12 to 14 years,,3,1,4,2,3,1,,5,5,1,5,,3,3.0,5,3,4,2,,2,3,2,2.0,3.0,4,,3,3,4,5,https://dogtime.com/dog-breeds/staffordshire-bull-terrier
Staffy Bull Bullmastiff,Hybrid Dogs,14 to 27 inches,38 to 130 pounds,12 to 16 years,,4,1,3,2,3,1,,5,4,1,1,,3,2.0,4,3,2,4,,1,3,3,2.0,1.0,2,,1,4,1,3,https://dogtime.com/dog-breeds/staffy-bull-bullmastiff
Standard Schnauzer,Working Dogs,17 inches to 20 inches tall at the shoulder,30 to 50 pounds,13 to 16 years,,4,2,4,2,4,4,,4,4,3,2,,1,1.0,2,5,1,3,,3,5,3,5.0,2.0,5,,5,3,5,5,https://dogtime.com/dog-breeds/standard-schnauzer
Sussex Spaniel,Sporting Dogs,13 inch to 15 inches tall at the shoulder,35 to 45 pounds,11 to 14 years,,5,5,5,1,5,5,,5,5,5,5,,3,1.0,4,4,5,2,,3,5,2,1.0,4.0,1,,2,1,2,4,https://dogtime.com/dog-breeds/sussex-spaniel
Swedish Lapphund,Herding Dogs,16 to 20 inches ,30 to 45 pounds ,12 to 14 years,,2,2,4,2,5,2,,4,4,4,4,,4,2.0,2,3,2,3,,4,5,4,2.0,4.0,2,,3,4,3,4,https://dogtime.com/dog-breeds/swedish-lapphund
Swedish Vallhund,Herding Dogs,11 inches to 13 inch tall at the shoulder,22 to 35 pounds,12 to 15 years,,3,1,3,3,4,3,,5,4,3,5,,4,1.0,5,4,4,3,,5,5,2,4.0,1.0,3,,5,3,5,5,https://dogtime.com/dog-breeds/swedish-vallhund
Taiwan Dog,Hound Dogs,16 to 21 inches,25 to 40 pounds,10 to 13 years,,3,2,3,2,4,4,,4,3,4,2,,3,3.0,4,4,3,3,,4,4,3,4.0,3.0,4,,4,3,4,4,https://dogtime.com/dog-breeds/taiwan-dog
Terripoo,Mixed Breed Dogs,9 to 15 inches,10 to 14 pounds,10 to 15 years,,5,5,2,1,3,4,,5,4,3,3,,1,1.0,3,3,3,1,,4,5,2,4.0,3.0,3,,5,3,4,5,https://dogtime.com/dog-breeds/terripoo
Texas Heeler,Mixed Breed Dogs,16 to 22 inches,25 to 50 pounds,12 to 15 years,,2,3,3,3,4,3,,4,3,3,3,,4,2.0,3,3,5,3,,3,5,4,3.0,2.0,4,,5,3,5,4,https://dogtime.com/dog-breeds/texas-heeler
Thai Ridgeback,Companion Dogs,20 to 24 inches,35 to 75 pounds,10 to 13 years,,2,2,2,2,4,3,,3,2,3,3,,3,2.0,4,4,3,3,,2,4,2,4.0,2.0,4,,4,4,4,3,https://dogtime.com/dog-breeds/thai-ridgeback
Tibetan Mastiff,Working Dogs,"2 feet to 2 feet, 2 inches tall at the shoulder",75 to 160 pounds,10 to 14 years,,1,1,5,1,5,2,,5,5,5,2,,2,2.0,4,3,4,5,,1,5,5,3.0,2.0,3,,4,2,2,5,https://dogtime.com/dog-breeds/tibetan-mastiff
Tibetan Spaniel,Companion Dogs,From 10 inches tall at the shoulder,9 to 15 pounds,12 to 15 years,,5,4,5,1,1,2,,5,5,4,3,,3,1.0,4,5,3,1,,4,4,3,3.0,4.0,3,,3,3,4,4,https://dogtime.com/dog-breeds/tibetan-spaniel
Tibetan Terrier,Companion Dogs,14 to 16 inches tall at the shoulder,20 to 24 pounds,12 to 15 years,,5,3,4,1,4,4,,5,5,4,3,,1,1.0,1,5,3,2,,4,4,2,2.0,4.0,3,,5,4,5,5,https://dogtime.com/dog-breeds/tibetan-terrier
Toy Fox Terrier,Companion Dogs,8 to 11 inches at the shoulder,3 to 7 pounds,13 to 14 years,,5,3,4,1,2,3,,5,4,3,3,,4,1.0,5,5,2,1,,3,4,2,5.0,4.0,4,,5,4,5,5,https://dogtime.com/dog-breeds/toy-fox-terrier
Transylvanian Hound,Hound Dogs,18 to 25 inches,55 to 77 pounds,10 to 12 years,,3,2,2,3,3,3,,4,3,3,2,,3,3.0,4,4,3,3,,2,4,3,4.0,3.0,4,,4,4,5,4,https://dogtime.com/dog-breeds/transylvanian-hound
Treeing Tennessee Brindle,Hound Dogs,16 to 24 inches tall at the shoulder,30 to 45 pounds,10 to 12 years,,1,2,3,2,3,3,,4,4,4,3,,4,3.0,5,4,3,3,,3,4,3,4.0,1.0,1,,4,4,5,3,https://dogtime.com/dog-breeds/treeing-tennessee-brindle
Treeing Walker Coonhound,Hound Dogs,20 to 27 inches tall at the shoulder,45 to 80 pounds,12 to 13 years,,1,2,5,2,3,3,,4,4,3,3,,3,2.0,5,4,3,4,,2,4,3,4.0,5.0,5,,4,4,5,3,https://dogtime.com/dog-breeds/treeing-walker-coonhound
Valley Bulldog,Mixed Breed Dogs,12 to 25 inches,50 to 125 pounds ,8 to 12 years,,4,3,4,2,1,1,,5,4,3,4,,4,3.0,5,3,4,4,,3,3,2,3.0,4.0,1,,4,4,4,4,https://dogtime.com/dog-breeds/valley-bulldog
Vizsla,Sporting Dogs,21 to 24 inches tall at the shoulder,45 to 65 pounds,10 to 14 years,,1,3,5,1,1,4,,5,5,5,5,,2,1.0,5,4,2,3,,5,4,4,2.0,5.0,5,,5,4,5,5,https://dogtime.com/dog-breeds/vizsla
Weimaraner,Sporting Dogs,23 to 27 inches tall at the shoulder,55 to 85 pounds,11 to 13 years,,1,2,5,1,3,4,,5,4,3,3,,4,4.0,5,3,2,4,,4,5,5,5.0,2.0,5,,5,5,5,5,https://dogtime.com/dog-breeds/weimaraner
Welsh Springer Spaniel,Sporting Dogs,17 to 19 inches tall at the shoulder,35 to 55 pounds,10 to 15 years,,4,4,5,1,4,4,,5,5,4,3,,3,1.0,4,4,4,3,,5,5,3,3.0,5.0,5,,5,4,5,4,https://dogtime.com/dog-breeds/welsh-springer-spaniel
Welsh Terrier,Terrier Dogs,14 to 15 inches tall at the shoulder,Up to 20 pounds,10 to 14 years,,3,3,3,2,2,2,,4,5,5,4,,2,1.0,2,5,3,2,,3,5,2,5.0,4.0,4,,5,5,5,5,https://dogtime.com/dog-breeds/welsh-terrier
West Highland White Terrier,Terrier Dogs,10 to 11 inches tall at the shoulder,13 to 22 pounds,12 to 16 years,,4,4,4,2,4,3,,5,4,5,3,,4,1.0,3,3,4,2,,4,4,2,4.0,4.0,3,,4,4,4,4,https://dogtime.com/dog-breeds/west-highland-white-terrier
Westiepoo,Mixed Breed Dogs,11 to 17 inches,20 to 35 pounds,12 to 15 years,,3,4,4,1,3,3,,4,4,4,4,,1,1.0,5,4,4,2,,4,4,3,4.0,3.0,3,,4,4,4,5,https://dogtime.com/dog-breeds/westiepoo
Whippet,Hound Dogs,18 to 22 inches tall at the shoulder,18 to 48 pounds,12 to 15 years,,5,3,5,2,1,4,,5,5,4,4,,2,1.0,5,4,1,3,,4,4,4,5.0,1.0,4,,5,2,5,5,https://dogtime.com/dog-breeds/whippet
Whoodle,Mixed Breed Dogs,12 to 20 inches,20 to 45 pounds,12 to 15 years,,4,1,3,1,4,2,,4,4,3,4,,2,1.0,3,4,2,3,,2,4,1,2.0,1.0,3,,4,4,4,4,https://dogtime.com/dog-breeds/whoodle
Wirehaired Pointing Griffon,Sporting Dogs,20 to 24 inches tall at the shoulder,50 to 60 pounds,10 to 14 years,,1,3,4,1,4,3,,5,5,4,5,,1,1.0,3,4,3,3,,5,5,3,4.0,4.0,4,,5,3,4,5,https://dogtime.com/dog-breeds/wirehaired-pointing-griffon
Xoloitzcuintli,Companion Dogs,"1 foot, 6 inches to 1 foot, 11 inches tall at the shoulder",10 to 50 pounds,14 to 20 years,,5,1,5,1,3,3,,5,3,2,1,,1,1.0,5,5,3,3,,3,5,3,5.0,5.0,5,,3,3,3,3,https://dogtime.com/dog-breeds/xoloitzuintli
Yakutian Laika,Working Dogs,20 to 23 inches,40 to 55 pounds,10 to 12 years,,1,3,3,1,5,3,,5,4,4,4,,4,2.0,3,4,3,3,,4,4,2,3.0,4.0,3,,4,3,5,4,https://dogtime.com/dog-breeds/yakutian-laika
Yorkipoo,Hybrid Dogs,7 to 15 inches tall at the shoulder,3 to 14 pounds,10 to 15 years,,5,5,4,3,2,3,,5,4,3,2,,1,1.0,4,3,2,1,,4,4,3,3.0,5.0,2,,5,3,3,4,https://dogtime.com/dog-breeds/yorkipoo
Yorkshire Terrier,Companion Dogs,8 to 9 inches tall at the shoulder,4 to 6 pounds,12 to 15 years,,5,4,5,2,2,2,,4,2,3,2,,2,1.0,2,4,2,1,,3,3,2,2.0,3.0,3,,5,4,4,5,https://dogtime.com/dog-breeds/yorkshire-terrier
